month_str,merchant,monthly_unique_users
202510,1698202251,
202510,1698202662,
202510,1698203058,
202510,1713329090,
202510,1716179958,
202510,1718444707,
202510,1719571148,
202510,1723801345,
202510,1735282015,
202510,1737978166,
202510,1741762027,
202510,1741932733,
202510,1742280059,
202510,1742289481,
202510,1746793106,
202510,1747388774,
202510,1749463700,
202510,1749627491,
202510,1750413710,
202510,1750646521,
202510,1750647002,
202510,1750647418,
202510,1750647705,
202510,1750648058,
202510,1750648292,
202510,1750648580,
202510,1750649209,
202510,1750649540,
202510,1750649720,
202510,1750649868,
202510,1750650168,
202510,1750650330,
202510,1750650532,
202510,1750662197,
202510,1750762420,
202510,1751255752,
202510,1751256462,
202510,1751256811,
202510,1751438771,
202510,1751602642,
202510,1751612625,
202510,1751613072,
202510,1751613252,
202510,1751613789,
202510,1751615057,
202510,1751615160,
202510,1751615284,
202510,1751615402,
202510,1751615500,
202510,1751632483,
202510,1752206048,
202510,1752222840,
202510,1752566036,
202510,1752747448,
202510,1753174385,
202510,1753353246,
202510,1754281426,
202510,1754913084,
202510,1755246422,
202510,1755248023,
202510,1755486340,
202510,1756280066,
202510,1756783981,
202510,1757302420,
202510,1757387300,
202510,1757656640,
202510,1757656822,
202510,1757656943,
202510,1757657097,
202510,1757738096,
202510,1758528494,
202510,1758629060,
202510,1758696142,
202510,1758696175,
202510,1760338096,
202510,1760608379,
202510,1760608478,
