period_range,merchant,game_id,weekly_unique_users,active_days
20251013-20251019,1737978166,1698217738766,48328,7
20251013-20251019,1716179958,1698217737303,46821,7
20251013-20251019,1737978166,1698217738739,35263,7
20251013-20251019,1737978166,1698217741337,25225,7
20251013-20251019,1751602642,1698217741378,24641,7
20251013-20251019,1716179958,1698217741317,24510,7
20251013-20251019,1737978166,1698217739455,23776,7
20251013-20251019,1698203058,1698217738034,21666,7
20251013-20251019,1737978166,1698217740513,19037,7
20251013-20251019,1713329090,1698217738052,18592,7
20251013-20251019,1713329090,1698217738231,12647,7
20251013-20251019,1698203058,1698217738213,9406,7
20251013-20251019,1716179958,1698217738239,9159,7
20251013-20251019,1698203058,1698217737098,8772,7
20251013-20251019,1737978166,1698217741901,7852,7
20251013-20251019,1698203058,1698217738519,7210,7
20251013-20251019,1741762027,1698217738833,7070,7
20251013-20251019,1741762027,1698217738834,6855,7
20251013-20251019,1737978166,1698217738747,6649,7
20251013-20251019,1716179958,1698217737323,6229,7
20251013-20251019,1698203058,1698217738417,6150,7
20251013-20251019,1713329090,1698217738435,5904,7
20251013-20251019,1713329090,1698217737116,5687,7
20251013-20251019,1737978166,1698217740157,5467,7
20251013-20251019,1751632483,1698217741236,5386,7
20251013-20251019,1716179958,1698217739435,5206,7
20251013-20251019,1737978166,1698217738743,5117,7
20251013-20251019,1737978166,1698217738765,5006,7
20251013-20251019,1716179958,1698217737305,4842,7
20251013-20251019,1737978166,1698217741657,4779,7
20251013-20251019,1716179958,1698217739010,4758,7
20251013-20251019,1755248023,1698217743229,3744,7
20251013-20251019,1756280066,1698217743604,3079,7
20251013-20251019,1698203058,1698217736029,3071,7
20251013-20251019,1737978166,1698217738749,2689,7
20251013-20251019,1698202251,1698217738514,2603,7
20251013-20251019,1716179958,1698217737312,2585,7
20251013-20251019,1723801345,1698217738133,2552,7
20251013-20251019,1755248023,1698217743230,2532,7
20251013-20251019,1757738096,1698217743607,2157,7
20251013-20251019,1749463700,1698217739276,2111,7
20251013-20251019,1716179958,1698217737308,2033,7
20251013-20251019,1716179958,1698217738060,1996,7
20251013-20251019,1756280066,1698217743607,1995,7
20251013-20251019,1716179958,1698217737314,1972,7
20251013-20251019,1713329090,1698217737252,1898,7
20251013-20251019,1716179958,1698217737318,1847,7
20251013-20251019,1716179958,1698217737325,1840,7
20251013-20251019,1716179958,1698217737321,1794,7
20251013-20251019,1713329090,1698217738537,1794,7
20251013-20251019,1716179958,1698217737319,1750,7
20251013-20251019,1737978166,1698217738757,1649,7
20251013-20251019,1698203058,1698217738264,1642,7
20251013-20251019,1757738096,1698217743604,1518,7
20251013-20251019,1698203058,1698217737234,1498,7
20251013-20251019,1698202251,1698217738259,1488,7
20251013-20251019,1737978166,1698217738741,1439,7
20251013-20251019,1741762027,1698217739457,1336,7
20251013-20251019,1751602642,1698217740575,1295,7
20251013-20251019,1751632483,1698217741202,1253,7
20251013-20251019,1698202662,1698217738413,1234,7
20251013-20251019,1698202251,1698217738412,1222,7
20251013-20251019,1698203058,1698217737758,1222,7
20251013-20251019,1716179958,1698217737311,1212,7
20251013-20251019,1698203058,1698217737270,1202,7
20251013-20251019,1716179958,1698217737326,1195,7
20251013-20251019,1698202251,1698217738310,1194,7
20251013-20251019,1698202662,1698217738260,1179,7
20251013-20251019,1716179958,1698217737316,1100,7
20251013-20251019,1737978166,1698217738761,1098,7
20251013-20251019,1737978166,1698217738764,1095,7
20251013-20251019,1749463700,1698217739283,1083,7
20251013-20251019,1741762027,1698217741339,1042,7
20251013-20251019,1698203058,1698217738366,979,7
20251013-20251019,1751602642,1698217740591,963,7
20251013-20251019,1713329090,1698217736875,945,7
20251013-20251019,1737978166,1698217738751,942,7
20251013-20251019,1749463700,1698217739280,930,7
20251013-20251019,1751602642,1698217740588,930,7
20251013-20251019,1698202662,1698217738515,922,7
20251013-20251019,1737978166,1698217738737,892,7
20251013-20251019,1698203058,1698217736850,886,7
20251013-20251019,1755248023,1698217743239,882,7
20251013-20251019,1756280066,1698217743605,850,7
20251013-20251019,1698203058,1698217736658,838,7
20251013-20251019,1716179958,1698217740493,822,7
20251013-20251019,1698202662,1698217736097,792,7
20251013-20251019,1751602642,1698217740582,780,7
20251013-20251019,1698203058,1698217739409,776,7
20251013-20251019,1716179958,1698217737317,768,7
20251013-20251019,1737978166,1698217738744,753,7
20251013-20251019,1698203058,1698217736401,742,7
20251013-20251019,1713329090,1698217738384,722,7
20251013-20251019,1737978166,1698217740805,647,7
20251013-20251019,1751602642,1698217740561,635,7
20251013-20251019,1713329090,1698217739427,634,7
20251013-20251019,1757738096,1698217743605,627,7
20251013-20251019,1737978166,1698217738746,620,7
20251013-20251019,1741932733,1698217744543,617,7
20251013-20251019,1741762027,1698217738829,612,7
20251013-20251019,1716179958,1698217737324,595,7
20251013-20251019,1737978166,1698217738738,582,7
20251013-20251019,1751632483,1698217741233,580,7
20251013-20251019,1698203058,1698217738468,566,7
20251013-20251019,1698203058,1698217737132,566,7
20251013-20251019,1698203058,1698217738315,552,7
20251013-20251019,1757302420,1698217743928,539,7
20251013-20251019,1713329090,1698217741309,521,7
20251013-20251019,1723801345,1698217738107,512,7
20251013-20251019,1750762420,1698217740225,510,7
20251013-20251019,1737978166,1698217738740,492,7
20251013-20251019,1737978166,1698217738748,479,7
20251013-20251019,1751602642,1698217740589,475,7
20251013-20251019,1737978166,1698217739206,457,7
20251013-20251019,1716179958,1698217737556,452,7
20251013-20251019,1698203058,1698217741291,450,7
20251013-20251019,1716179958,1698217739011,438,7
20251013-20251019,1716179958,1698217740137,436,7
20251013-20251019,1737978166,1698217738762,427,7
20251013-20251019,1737978166,1698217738755,425,7
20251013-20251019,1698203058,1698217737033,424,7
20251013-20251019,1713329090,1698217738333,417,7
20251013-20251019,1741762027,1698217738825,417,7
20251013-20251019,1698202251,1698217739404,403,7
20251013-20251019,1753353246,1698217743407,402,7
20251013-20251019,1719571148,1698217738245,402,7
20251013-20251019,1723801345,1698217738129,401,7
20251013-20251019,1698202662,1698217738311,387,7
20251013-20251019,1698202662,1698217739405,381,7
20251013-20251019,1750762420,1698217740221,377,7
20251013-20251019,1749463700,1698217739284,373,7
20251013-20251019,1757302420,1698217743929,371,7
20251013-20251019,1741762027,1698217744542,367,7
20251013-20251019,1713329090,1698217738282,363,7
20251013-20251019,1698202251,1698217740462,352,7
20251013-20251019,1698202662,1698217740463,351,7
20251013-20251019,1737978166,1698217738763,350,7
20251013-20251019,1713329090,1698217736884,350,7
20251013-20251019,1751602642,1698217740565,345,7
20251013-20251019,1698202251,1698217738361,341,7
20251013-20251019,1698202662,1698217738209,337,7
20251013-20251019,1698202251,1698217738463,331,7
20251013-20251019,1737978166,1698217738753,323,7
20251013-20251019,1713329090,1698217744512,321,7
20251013-20251019,1713329090,1698217736891,321,7
20251013-20251019,1749463700,1698217740526,320,7
20251013-20251019,1757738096,1698217743612,319,7
20251013-20251019,1713329090,1698217738486,295,7
20251013-20251019,1698203058,1698217736276,294,7
20251013-20251019,1750762420,1698217740194,293,7
20251013-20251019,1698203058,1698217736608,292,7
20251013-20251019,1698203058,1698217736794,292,7
20251013-20251019,1713329090,1698217744677,288,7
20251013-20251019,1737978166,1698217738752,287,7
20251013-20251019,1750413710,1698217739502,285,7
20251013-20251019,1698203058,1698217737530,284,7
20251013-20251019,1737978166,1698217738754,275,7
20251013-20251019,1698202662,1698217737094,266,7
20251013-20251019,1751602642,1698217740577,265,7
20251013-20251019,1716179958,1698217737594,262,7
20251013-20251019,1737978166,1698217738750,258,7
20251013-20251019,1750413710,1698217739501,253,7
20251013-20251019,1751602642,1698217740578,251,7
20251013-20251019,1751632483,1698217741206,245,7
20251013-20251019,1757738096,1698217743611,243,7
20251013-20251019,1751602642,1698217740557,242,7
20251013-20251019,1737978166,1698217742855,242,7
20251013-20251019,1756783981,1698217743688,241,5
20251013-20251019,1716179958,1698217737322,240,7
20251013-20251019,1741932733,1698217741340,238,7
20251013-20251019,1737978166,1698217738760,236,7
20251013-20251019,1755248023,1698217743214,235,7
20251013-20251019,1751602642,1698217740579,233,7
20251013-20251019,1755248023,1698217743232,233,7
20251013-20251019,1741762027,1698217739208,232,7
20251013-20251019,1713329090,1698217740485,227,7
20251013-20251019,1756280066,1698217743578,227,7
20251013-20251019,1698202251,1698217740106,227,7
20251013-20251019,1716179958,1698217737313,226,7
20251013-20251019,1698203058,1698217744494,225,7
20251013-20251019,1698202662,1698217740107,225,7
20251013-20251019,1737978166,1698217738759,224,7
20251013-20251019,1751602642,1698217740581,222,7
20251013-20251019,1698202662,1698217738030,218,7
20251013-20251019,1737978166,1698217743803,214,7
20251013-20251019,1737978166,1698217738758,211,7
20251013-20251019,1756280066,1698217743612,210,7
20251013-20251019,1737978166,1698217738756,207,7
20251013-20251019,1698203058,1698217736031,206,7
20251013-20251019,1756280066,1698217743611,206,7
20251013-20251019,1741762027,1698217740159,205,7
20251013-20251019,1741762027,1698217744707,199,7
20251013-20251019,1698202251,1698217738208,194,7
20251013-20251019,1723801345,1698217738132,193,7
20251013-20251019,1716179958,1698217737301,193,7
20251013-20251019,1751602642,1698217740572,193,7
20251013-20251019,1698202662,1698217737266,191,7
20251013-20251019,1755246422,1698217743163,191,4
20251013-20251019,1698202662,1698217738464,190,7
20251013-20251019,1741762027,1698217741903,187,7
20251013-20251019,1698202251,1698217737093,186,7
20251013-20251019,1756783981,1698217745049,183,3
20251013-20251019,1749463700,1698217744718,183,7
20251013-20251019,1749463700,1698217744553,182,7
20251013-20251019,1751632483,1698217741200,182,7
20251013-20251019,1713329090,1698217740129,182,7
20251013-20251019,1698202662,1698217738362,180,7
20251013-20251019,1713329090,1698217736893,174,7
20251013-20251019,1755248023,1698217743211,174,7
20251013-20251019,1751602642,1698217740567,172,7
20251013-20251019,1716179958,1698217739008,170,7
20251013-20251019,1716179958,1698217737328,170,7
20251013-20251019,1723801345,1698217738128,166,7
20251013-20251019,1749463700,1698217739468,166,7
20251013-20251019,1741762027,1698217738832,165,7
20251013-20251019,1755246422,1698217743195,162,4
20251013-20251019,1698202251,1698217738029,162,7
20251013-20251019,1716179958,1698217739013,161,7
20251013-20251019,1751632483,1698217741234,160,7
20251013-20251019,1737978166,1698217740907,158,7
20251013-20251019,1756783981,1698217743689,155,5
20251013-20251019,1716179958,1698217737302,155,7
20251013-20251019,1750762420,1698217740212,155,7
20251013-20251019,1751632483,1698217741389,152,7
20251013-20251019,1698203058,1698217744659,152,7
20251013-20251019,1713329090,1698217739178,150,7
20251013-20251019,1716179958,1698217737309,150,7
20251013-20251019,1741762027,1698217738815,148,7
20251013-20251019,1741762027,1698217738830,148,7
20251013-20251019,1751632483,1698217741201,143,7
20251013-20251019,1723801345,1698217738122,142,7
20251013-20251019,1716179958,1698217737315,140,7
20251013-20251019,1698202662,1698217737230,138,7
20251013-20251019,1698202251,1698217736114,138,7
20251013-20251019,1755248023,1698217743203,136,7
20251013-20251019,1751632483,1698217741709,134,7
20251013-20251019,1753174385,1698217741799,134,7
20251013-20251019,1755248023,1698217743236,133,7
20251013-20251019,1755246422,1698217743184,131,4
20251013-20251019,1716179958,1698217737784,131,7
20251013-20251019,1719571148,1698217738066,130,7
20251013-20251019,1698202662,1698217736604,126,7
20251013-20251019,1713329090,1698217741629,124,7
20251013-20251019,1698203058,1698217736310,123,7
20251013-20251019,1751602642,1698217743844,122,7
20251013-20251019,1756280066,1698217743582,122,7
20251013-20251019,1698203058,1698217737987,122,7
20251013-20251019,1719571148,1698217741323,122,7
20251013-20251019,1751632483,1698217741953,121,7
20251013-20251019,1737978166,1698217738767,121,7
20251013-20251019,1713329090,1698217737288,121,7
20251013-20251019,1741762027,1698217738807,120,7
20251013-20251019,1741762027,1698217738809,120,7
20251013-20251019,1755248023,1698217743228,120,7
20251013-20251019,1755248023,1698217743213,119,7
20251013-20251019,1741932733,1698217738840,119,7
20251013-20251019,1698203058,1698217736822,114,7
20251013-20251019,1755248023,1698217743207,114,7
20251013-20251019,1756280066,1698217743610,112,7
20251013-20251019,1755246422,1698217743167,111,4
20251013-20251019,1698202662,1698217736846,110,7
20251013-20251019,1750762420,1698217740219,110,7
20251013-20251019,1713329090,1698217740777,109,7
20251013-20251019,1718444707,1698217738065,109,7
20251013-20251019,1698203058,1698217740467,108,7
20251013-20251019,1756280066,1698217743572,108,7
20251013-20251019,1716179958,1698217739009,108,7
20251013-20251019,1749463700,1698217739266,105,7
20251013-20251019,1756280066,1698217743598,105,7
20251013-20251019,1750762420,1698217740202,104,7
20251013-20251019,1756280066,1698217743592,103,7
20251013-20251019,1751602642,1698217741942,103,7
20251013-20251019,1747388774,1698217739146,102,7
20251013-20251019,1751602642,1698217740573,100,7
20251013-20251019,1755248023,1698217743231,99,7
20251013-20251019,1698202251,1698217736485,98,7
20251013-20251019,1756280066,1698217743601,97,7
20251013-20251019,1749463700,1698217740920,97,7
20251013-20251019,1741932733,1698217738845,97,7
20251013-20251019,1749463700,1698217740170,96,7
20251013-20251019,1749463700,1698217739279,96,7
20251013-20251019,1755246422,1698217743159,94,4
20251013-20251019,1749463700,1698217739278,93,7
20251013-20251019,1698202251,1698217736789,92,7
20251013-20251019,1698202251,1698217737525,92,7
20251013-20251019,1713329090,1698217740879,92,7
20251013-20251019,1741932733,1698217740516,91,7
20251013-20251019,1755248023,1698217743224,90,7
20251013-20251019,1713329090,1698217741873,89,7
20251013-20251019,1698203058,1698217739160,89,7
20251013-20251019,1747388774,1698217739137,88,7
20251013-20251019,1751602642,1698217740587,88,7
20251013-20251019,1751602642,1698217740585,88,7
20251013-20251019,1698203058,1698217741611,87,7
20251013-20251019,1749463700,1698217739285,86,7
20251013-20251019,1698203058,1698217740111,85,7
20251013-20251019,1755246422,1698217743169,83,4
20251013-20251019,1751632483,1698217741203,82,7
20251013-20251019,1698202251,1698217737265,81,7
20251013-20251019,1751632483,1698217741229,79,7
20251013-20251019,1741932733,1698217738841,78,7
20251013-20251019,1698203058,1698217737568,77,7
20251013-20251019,1718444707,1698217739440,77,7
20251013-20251019,1718444707,1698217741322,76,7
20251013-20251019,1718444707,1698217740498,76,7
20251013-20251019,1755248023,1698217743241,75,7
20251013-20251019,1756280066,1698217743576,75,7
20251013-20251019,1741762027,1698217738831,75,7
20251013-20251019,1742289481,1698217739004,74,7
20251013-20251019,1741762027,1698217743805,74,7
20251013-20251019,1754281426,1698217743058,74,7
20251013-20251019,1749463700,1698217739258,74,7
20251013-20251019,1698202251,1698217736845,74,7
20251013-20251019,1751602642,1698217740574,74,7
20251013-20251019,1698202251,1698217736271,74,7
20251013-20251019,1713329090,1698217742827,73,7
20251013-20251019,1741762027,1698217738811,73,7
20251013-20251019,1698203058,1698217741855,73,7
20251013-20251019,1741932733,1698217744708,71,5
20251013-20251019,1713329090,1698217743775,71,7
20251013-20251019,1751602642,1698217740556,70,7
20251013-20251019,1757738096,1698217743572,70,7
20251013-20251019,1713329090,1698217736883,68,7
20251013-20251019,1713329090,1698217737150,65,7
20251013-20251019,1713329090,1698217736877,63,7
20251013-20251019,1752566036,1698217741545,62,7
20251013-20251019,1756783981,1698217743675,62,5
20251013-20251019,1750762420,1698217740198,62,7
20251013-20251019,1698203058,1698217736490,62,7
20251013-20251019,1750762420,1698217740220,62,7
20251013-20251019,1751632483,1698217741208,60,7
20251013-20251019,1755248023,1698217743216,60,7
20251013-20251019,1752747448,1698217741746,60,7
20251013-20251019,1698202251,1698217737229,59,7
20251013-20251019,1755246422,1698217743177,58,4
20251013-20251019,1698203058,1698217736019,58,7
20251013-20251019,1713329090,1698217737548,57,7
20251013-20251019,1698203058,1698217736510,57,7
20251013-20251019,1760338096,1698217745031,56,6
20251013-20251019,1749463700,1698217741914,56,7
20251013-20251019,1698202251,1698217739155,55,6
20251013-20251019,1751632483,1698217741207,55,7
20251013-20251019,1756280066,1698217743579,54,7
20251013-20251019,1760338096,1698217745032,54,6
20251013-20251019,1751602642,1698217741698,53,7
20251013-20251019,1756280066,1698217743584,53,7
20251013-20251019,1713329090,1698217736889,53,7
20251013-20251019,1749463700,1698217741670,52,7
20251013-20251019,1751632483,1698217741204,52,7
20251013-20251019,1716179958,1698217737304,52,7
20251013-20251019,1698202662,1698217737128,52,7
20251013-20251019,1741762027,1698217738817,52,7
20251013-20251019,1741932733,1698217738849,51,7
20251013-20251019,1750762420,1698217740206,51,7
20251013-20251019,1698202662,1698217737029,50,7
20251013-20251019,1751602642,1698217740569,50,7
20251013-20251019,1752566036,1698217741540,49,7
20251013-20251019,1698202251,1698217737563,49,7
20251013-20251019,1749463700,1698217740818,49,7
20251013-20251019,1757738096,1698217743578,49,7
20251013-20251019,1756280066,1698217743599,48,7
20251013-20251019,1753174385,1698217741789,47,7
20251013-20251019,1741932733,1698217738851,47,7
20251013-20251019,1757738096,1698217743601,47,7
20251013-20251019,1756280066,1698217743581,47,7
20251013-20251019,1755248023,1698217743217,46,7
20251013-20251019,1751602642,1698217740563,46,7
20251013-20251019,1752747448,1698217741719,44,6
20251013-20251019,1750762420,1698217740547,43,7
20251013-20251019,1755248023,1698217743201,43,7
20251013-20251019,1716179958,1698217739186,43,7
20251013-20251019,1716179958,1698217739012,43,7
20251013-20251019,1719571148,1698217739441,43,7
20251013-20251019,1750762420,1698217740226,43,7
20251013-20251019,1747388774,1698217739141,42,7
20251013-20251019,1750413710,1698217739506,42,7
20251013-20251019,1741762027,1698217738823,42,7
20251013-20251019,1755246422,1698217743173,42,4
20251013-20251019,1752566036,1698217741527,42,7
20251013-20251019,1723801345,1698217738130,41,7
20251013-20251019,1741932733,1698217738866,41,7
20251013-20251019,1751602642,1698217740566,41,7
20251013-20251019,1741932733,1698217738859,41,7
20251013-20251019,1757302420,1698217743938,41,7
20251013-20251019,1698203058,1698217742809,40,7
20251013-20251019,1756280066,1698217743573,39,7
20251013-20251019,1757738096,1698217743610,39,7
20251013-20251019,1751602642,1698217740948,39,7
20251013-20251019,1713329090,1698217736880,39,7
20251013-20251019,1752747448,1698217741756,39,5
20251013-20251019,1754281426,1698217743057,38,7
20251013-20251019,1747388774,1698217739145,38,7
20251013-20251019,1749463700,1698217741350,38,7
20251013-20251019,1698203058,1698217736231,38,7
20251013-20251019,1756280066,1698217743596,37,7
20251013-20251019,1698202251,1698217736603,37,7
20251013-20251019,1741932733,1698217738862,37,7
20251013-20251019,1752747448,1698217741717,37,6
20251013-20251019,1751632483,1698217741220,37,7
20251013-20251019,1723801345,1698217738117,37,7
20251013-20251019,1752566036,1698217741542,36,7
20251013-20251019,1757302420,1698217743933,36,7
20251013-20251019,1751632483,1698217741210,36,7
20251013-20251019,1757302420,1698217743932,36,7
20251013-20251019,1755246422,1698217743157,36,4
20251013-20251019,1723801345,1698217738131,36,7
20251013-20251019,1755246422,1698217743196,35,4
20251013-20251019,1750413710,1698217739497,35,7
20251013-20251019,1755246422,1698217743197,35,4
20251013-20251019,1755248023,1698217743209,35,7
20251013-20251019,1755248023,1698217743226,35,7
20251013-20251019,1698203058,1698217736367,35,7
20251013-20251019,1747388774,1698217739132,35,7
20251013-20251019,1756280066,1698217743600,34,6
20251013-20251019,1723801345,1698217738125,34,7
20251013-20251019,1713329090,1698217736886,34,7
20251013-20251019,1755246422,1698217743181,34,4
20251013-20251019,1751602642,1698217740571,34,7
20251013-20251019,1755246422,1698217743187,34,4
20251013-20251019,1698202251,1698217737127,34,6
20251013-20251019,1750762420,1698217740204,33,7
20251013-20251019,1750762420,1698217740214,33,7
20251013-20251019,1698202251,1698217736396,33,7
20251013-20251019,1755248023,1698217743240,33,7
20251013-20251019,1754281426,1698217743060,33,7
20251013-20251019,1755246422,1698217743182,33,4
20251013-20251019,1752566036,1698217741551,32,7
20251013-20251019,1749463700,1698217739262,32,7
20251013-20251019,1755248023,1698217743221,32,7
20251013-20251019,1752747448,1698217741727,32,6
20251013-20251019,1750762420,1698217740217,31,7
20251013-20251019,1698203058,1698217743757,31,7
20251013-20251019,1756280066,1698217743597,31,7
20251013-20251019,1741762027,1698217738824,31,7
20251013-20251019,1755246422,1698217743171,30,4
20251013-20251019,1713329090,1698217736890,29,7
20251013-20251019,1752747448,1698217741723,29,5
20251013-20251019,1751602642,1698217740846,29,7
20251013-20251019,1698203058,1698217740759,29,7
20251013-20251019,1698202251,1698217737753,29,7
20251013-20251019,1741762027,1698217738819,29,7
20251013-20251019,1741932733,1698217743806,28,7
20251013-20251019,1723801345,1698217738127,28,7
20251013-20251019,1755246422,1698217743180,28,4
20251013-20251019,1698203058,1698217736028,28,7
20251013-20251019,1754281426,1698217743027,27,7
20251013-20251019,1755246422,1698217743179,27,4
20251013-20251019,1752747448,1698217741729,27,6
20251013-20251019,1755246422,1698217743189,27,4
20251013-20251019,1757302420,1698217743924,27,7
20251013-20251019,1749463700,1698217739268,27,7
20251013-20251019,1755246422,1698217743158,27,4
20251013-20251019,1718444707,1698217739191,27,7
20251013-20251019,1756280066,1698217743613,26,6
20251013-20251019,1698203058,1698217740861,26,7
20251013-20251019,1755246422,1698217743164,26,3
20251013-20251019,1741932733,1698217742858,25,7
20251013-20251019,1741762027,1698217738828,25,7
20251013-20251019,1749463700,1698217739263,25,7
20251013-20251019,1698202251,1698217737028,25,7
20251013-20251019,1747388774,1698217739144,25,7
20251013-20251019,1741762027,1698217738805,25,7
20251013-20251019,1741932733,1698217738860,25,7
20251013-20251019,1741762027,1698217738826,25,6
20251013-20251019,1755248023,1698217743225,25,7
20251013-20251019,1698202251,1698217736115,25,7
20251013-20251019,1749463700,1698217739271,25,6
20251013-20251019,1713329090,1698217737051,24,7
20251013-20251019,1756280066,1698217743586,24,7
20251013-20251019,1719571148,1698217737817,24,7
20251013-20251019,1719571148,1698217740499,24,7
20251013-20251019,1755246422,1698217743192,24,4
20251013-20251019,1755246422,1698217743178,24,4
20251013-20251019,1756280066,1698217743583,24,7
20251013-20251019,1741932733,1698217738839,24,7
20251013-20251019,1718444707,1698217744690,23,5
20251013-20251019,1741932733,1698217741904,23,6
20251013-20251019,1713329090,1698217736887,23,7
20251013-20251019,1698203058,1698217736244,23,7
20251013-20251019,1741932733,1698217738847,23,7
20251013-20251019,1723801345,1698217738134,22,7
20251013-20251019,1760338096,1698217745041,22,7
20251013-20251019,1755248023,1698217743208,22,7
20251013-20251019,1755248023,1698217743210,22,7
20251013-20251019,1741762027,1698217738814,22,7
20251013-20251019,1756280066,1698217743585,22,6
20251013-20251019,1698202662,1698217736790,22,7
20251013-20251019,1752747448,1698217741745,21,5
20251013-20251019,1755248023,1698217743215,21,5
20251013-20251019,1757738096,1698217743581,21,7
20251013-20251019,1755248023,1698217743233,21,7
20251013-20251019,1751632483,1698217741209,21,7
20251013-20251019,1749463700,1698217739270,21,7
20251013-20251019,1751632483,1698217741211,21,7
20251013-20251019,1713329090,1698217736888,20,7
20251013-20251019,1757302420,1698217743920,20,6
20251013-20251019,1756783981,1698217743670,20,4
20251013-20251019,1751632483,1698217741227,20,7
20251013-20251019,1741932733,1698217738869,20,7
20251013-20251019,1750762420,1698217740218,20,7
20251013-20251019,1756783981,1698217743687,20,4
20251013-20251019,1698202662,1698217736397,20,7
20251013-20251019,1716179958,1698217741637,20,7
20251013-20251019,1755248023,1698217743202,20,6
20251013-20251019,1751602642,1698217740564,19,7
20251013-20251019,1751602642,1698217740576,19,7
20251013-20251019,1718444707,1698217743788,19,6
20251013-20251019,1752566036,1698217741544,19,6
20251013-20251019,1741932733,1698217738852,19,7
20251013-20251019,1752566036,1698217741543,19,7
20251013-20251019,1750762420,1698217740207,19,6
20251013-20251019,1741932733,1698217738855,18,7
20251013-20251019,1750762420,1698217740224,18,6
20251013-20251019,1751632483,1698217741228,18,7
20251013-20251019,1713329090,1698217737776,18,7
20251013-20251019,1751602642,1698217740568,18,7
20251013-20251019,1755246422,1698217743166,18,4
20251013-20251019,1756280066,1698217743575,18,6
20251013-20251019,1752566036,1698217741532,17,6
20251013-20251019,1751602642,1698217740562,17,6
20251013-20251019,1751632483,1698217741224,17,7
20251013-20251019,1755246422,1698217743170,17,4
20251013-20251019,1752566036,1698217741555,17,7
20251013-20251019,1741932733,1698217739458,17,7
20251013-20251019,1698202251,1698217736653,17,7
20251013-20251019,1756783981,1698217743666,17,4
20251013-20251019,1755248023,1698217743223,17,6
20251013-20251019,1752747448,1698217741718,16,6
20251013-20251019,1756280066,1698217743591,16,6
20251013-20251019,1741932733,1698217738848,16,7
20251013-20251019,1756783981,1698217743683,16,4
20251013-20251019,1751632483,1698217741212,16,6
20251013-20251019,1756280066,1698217743590,16,6
20251013-20251019,1749463700,1698217739273,15,6
20251013-20251019,1750413710,1698217739493,15,6
20251013-20251019,1742280059,1698217741663,15,7
20251013-20251019,1698202251,1698217741286,15,7
20251013-20251019,1756280066,1698217743608,15,7
20251013-20251019,1755246422,1698217743183,15,4
20251013-20251019,1713329090,1698217737586,15,6
20251013-20251019,1749463700,1698217739265,15,6
20251013-20251019,1698202251,1698217736226,15,6
20251013-20251019,1741932733,1698217738846,15,7
20251013-20251019,1755246422,1698217743176,15,3
20251013-20251019,1755248023,1698217743227,15,6
20251013-20251019,1741932733,1698217740910,15,6
20251013-20251019,1751632483,1698217741214,14,6
20251013-20251019,1757738096,1698217743576,14,7
20251013-20251019,1757738096,1698217743600,14,7
20251013-20251019,1749463700,1698217739288,14,6
20251013-20251019,1698203058,1698217736027,14,6
20251013-20251019,1753174385,1698217741780,14,4
20251013-20251019,1751632483,1698217741218,14,7
20251013-20251019,1755248023,1698217743219,14,6
20251013-20251019,1741932733,1698217738853,14,6
20251013-20251019,1741932733,1698217738864,14,6
20251013-20251019,1752747448,1698217741737,13,4
20251013-20251019,1753174385,1698217741788,13,5
20251013-20251019,1757302420,1698217743900,13,7
20251013-20251019,1757738096,1698217743590,13,5
20251013-20251019,1749463700,1698217739281,13,5
20251013-20251019,1751632483,1698217741225,13,6
20251013-20251019,1756280066,1698217743594,13,7
20251013-20251019,1741762027,1698217738820,13,7
20251013-20251019,1747388774,1698217739129,13,5
20251013-20251019,1741932733,1698217738861,13,5
20251013-20251019,1741932733,1698217740160,13,6
20251013-20251019,1755246422,1698217743194,13,4
20251013-20251019,1741932733,1698217738863,13,7
20251013-20251019,1750762420,1698217740216,13,6
20251013-20251019,1723801345,1698217738111,13,6
20251013-20251019,1741932733,1698217740808,12,5
20251013-20251019,1723801345,1698217738115,12,6
20251013-20251019,1755246422,1698217743165,12,4
20251013-20251019,1756280066,1698217743593,12,7
20251013-20251019,1755246422,1698217743190,12,4
20251013-20251019,1753174385,1698217741781,12,6
20251013-20251019,1751632483,1698217741213,12,5
20251013-20251019,1723801345,1698217738123,12,7
20251013-20251019,1755248023,1698217743205,12,6
20251013-20251019,1749463700,1698217743816,12,6
20251013-20251019,1718444707,1698217740790,12,7
20251013-20251019,1756783981,1698217743677,12,4
20251013-20251019,1751615500,1698217741388,12,6
20251013-20251019,1749463700,1698217742868,12,6
20251013-20251019,1723801345,1698217738119,12,6
20251013-20251019,1752747448,1698217741720,12,5
20251013-20251019,1751602642,1698217740559,12,6
20251013-20251019,1755246422,1698217743193,12,3
20251013-20251019,1756783981,1698217744634,11,4
20251013-20251019,1756783981,1698217743680,11,3
20251013-20251019,1756280066,1698217743595,11,5
20251013-20251019,1750762420,1698217740210,11,5
20251013-20251019,1752566036,1698217741714,11,6
20251013-20251019,1757302420,1698217743940,11,6
20251013-20251019,1741762027,1698217738827,11,7
20251013-20251019,1756783981,1698217743676,11,4
20251013-20251019,1751632483,1698217741217,11,6
20251013-20251019,1723801345,1698217738121,11,6
20251013-20251019,1718444707,1698217737737,11,4
20251013-20251019,1757302420,1698217743926,11,6
20251013-20251019,1698202662,1698217736095,11,7
20251013-20251019,1756280066,1698217743609,11,5
20251013-20251019,1749463700,1698217739282,11,6
20251013-20251019,1718444707,1698217744525,10,4
20251013-20251019,1752747448,1698217741728,10,4
20251013-20251019,1757302420,1698217743925,10,6
20251013-20251019,1750762420,1698217740209,10,6
20251013-20251019,1741762027,1698217738816,10,6
20251013-20251019,1741762027,1698217738812,10,5
20251013-20251019,1750762420,1698217740201,10,5
20251013-20251019,1698202251,1698217736116,10,4
20251013-20251019,1723801345,1698217738124,10,5
20251013-20251019,1757738096,1698217743597,10,5
20251013-20251019,1755248023,1698217743237,10,7
20251013-20251019,1698202662,1698217744490,10,6
20251013-20251019,1751632483,1698217741221,10,6
20251013-20251019,1757738096,1698217743596,10,7
20251013-20251019,1757738096,1698217743582,9,6
20251013-20251019,1757302420,1698217743906,9,5
20251013-20251019,1752566036,1698217741528,9,6
20251013-20251019,1749627491,1698217741352,9,7
20251013-20251019,1751632483,1698217743855,9,6
20251013-20251019,1751632483,1698217742907,9,5
20251013-20251019,1755248023,1698217743238,9,5
20251013-20251019,1723801345,1698217738126,9,6
20251013-20251019,1751602642,1698217740558,9,5
20251013-20251019,1752747448,1698217741738,9,4
20251013-20251019,1755246422,1698217743161,9,4
20251013-20251019,1698202662,1698217736272,9,7
20251013-20251019,1752747448,1698217741744,9,5
20251013-20251019,1747388774,1698217739142,9,6
20251013-20251019,1752222840,1698217741454,9,6
20251013-20251019,1747388774,1698217739135,9,3
20251013-20251019,1751632483,1698217741232,8,5
20251013-20251019,1719571148,1698217737797,8,4
20251013-20251019,1752566036,1698217741552,8,4
20251013-20251019,1757302420,1698217743904,8,6
20251013-20251019,1753174385,1698217741778,8,6
20251013-20251019,1713329090,1698217736881,8,5
20251013-20251019,1756280066,1698217743602,8,4
20251013-20251019,1698202251,1698217736505,8,6
20251013-20251019,1718444707,1698217740142,8,6
20251013-20251019,1750649868,1698217741366,8,7
20251013-20251019,1751256811,1698217741375,8,5
20251013-20251019,1752566036,1698217741530,8,4
20251013-20251019,1755248023,1698217743220,8,4
20251013-20251019,1741762027,1698217738822,8,6
20251013-20251019,1751612625,1698217741379,8,7
20251013-20251019,1718444707,1698217737739,8,5
20251013-20251019,1751602642,1698217740555,8,4
20251013-20251019,1741932733,1698217741660,8,6
20251013-20251019,1756783981,1698217743672,8,3
20251013-20251019,1718444707,1698217737728,8,6
20251013-20251019,1750647418,1698217741357,8,4
20251013-20251019,1751632483,1698217741219,7,4
20251013-20251019,1756783981,1698217743685,7,3
20251013-20251019,1698202251,1698217744654,7,5
20251013-20251019,1753174385,1698217741793,7,4
20251013-20251019,1741762027,1698217738821,7,4
20251013-20251019,1757302420,1698217743927,7,5
20251013-20251019,1741932733,1698217738858,7,4
20251013-20251019,1698202662,1698217741287,7,4
20251013-20251019,1750413710,1698217739500,7,5
20251013-20251019,1752747448,1698217741726,7,4
20251013-20251019,1698202662,1698217736506,7,4
20251013-20251019,1749463700,1698217739267,7,3
20251013-20251019,1753174385,1698217741770,7,6
20251013-20251019,1752222840,1698217741466,7,4
20251013-20251019,1752747448,1698217744766,7,4
20251013-20251019,1753174385,1698217741785,7,6
20251013-20251019,1756783981,1698217743671,7,4
20251013-20251019,1750762420,1698217740203,7,4
20251013-20251019,1757738096,1698217743586,7,6
20251013-20251019,1713329090,1698217736882,7,5
20251013-20251019,1718444707,1698217741886,7,5
20251013-20251019,1698202662,1698217736486,7,4
20251013-20251019,1752566036,1698217741556,7,5
20251013-20251019,1752566036,1698217741538,7,5
20251013-20251019,1752747448,1698217741725,7,3
20251013-20251019,1741762027,1698217738818,7,5
20251013-20251019,1751615160,1698217741385,7,5
20251013-20251019,1719571148,1698217737820,6,5
20251013-20251019,1741932733,1698217738843,6,4
20251013-20251019,1752566036,1698217741534,6,4
20251013-20251019,1718444707,1698217738244,6,4
20251013-20251019,1751615402,1698217741387,6,6
20251013-20251019,1698202251,1698217736113,6,4
20251013-20251019,1749463700,1698217739264,6,4
20251013-20251019,1757738096,1698217743599,6,4
20251013-20251019,1698202662,1698217736098,6,4
20251013-20251019,1757738096,1698217743584,6,4
20251013-20251019,1751613789,1698217741382,6,5
20251013-20251019,1757738096,1698217743579,6,3
20251013-20251019,1698202662,1698217736306,6,4
20251013-20251019,1750762420,1698217740205,6,5
20251013-20251019,1750649540,1698217741364,6,5
20251013-20251019,1751632483,1698217741226,6,4
20251013-20251019,1741762027,1698217738835,6,5
20251013-20251019,1756783981,1698217743699,6,3
20251013-20251019,1756783981,1698217743679,6,4
20251013-20251019,1757738096,1698217743575,6,3
20251013-20251019,1757302420,1698217743931,6,5
20251013-20251019,1751613789,1698217740739,6,5
20251013-20251019,1752747448,1698217741733,6,4
20251013-20251019,1757738096,1698217743598,6,3
20251013-20251019,1741932733,1698217738865,6,4
20251013-20251019,1747388774,1698217739143,6,5
20251013-20251019,1698202251,1698217743752,6,4
20251013-20251019,1718444707,1698217737742,6,4
20251013-20251019,1756783981,1698217744799,6,4
20251013-20251019,1757302420,1698217743912,5,4
20251013-20251019,1713329090,1698217736885,5,5
20251013-20251019,1747388774,1698217739127,5,4
20251013-20251019,1756783981,1698217743684,5,2
20251013-20251019,1750413710,1698217739499,5,5
20251013-20251019,1757738096,1698217743592,5,3
20251013-20251019,1751613252,1698217741381,5,5
20251013-20251019,1753174385,1698217741766,5,4
20251013-20251019,1698202662,1698217737564,5,4
20251013-20251019,1750762420,1698217740211,5,3
20251013-20251019,1756783981,1698217743662,5,2
20251013-20251019,1751613072,1698217741380,5,4
20251013-20251019,1754913084,1698217743133,5,1
20251013-20251019,1698202251,1698217742804,5,5
20251013-20251019,1698202662,1698217744655,5,4
20251013-20251019,1755248023,1698217743234,5,4
20251013-20251019,1757302420,1698217743942,5,3
20251013-20251019,1754281426,1698217743041,5,2
20251013-20251019,1698202251,1698217741606,5,5
20251013-20251019,1718444707,1698217737741,5,3
20251013-20251019,1754281426,1698217743048,5,3
20251013-20251019,1741762027,1698217738813,5,4
20251013-20251019,1758528494,1698217744301,5,1
20251013-20251019,1754281426,1698217743049,5,3
20251013-20251019,1741932733,1698217738857,5,4
20251013-20251019,1751256811,1698217740354,5,3
20251013-20251019,1747388774,1698217739118,5,3
20251013-20251019,1757738096,1698217743589,5,3
20251013-20251019,1698202251,1698217736112,5,3
20251013-20251019,1698203058,1698217736030,5,3
20251013-20251019,1753174385,1698217741796,4,3
20251013-20251019,1749463700,1698217739260,4,3
20251013-20251019,1756783981,1698217743674,4,3
20251013-20251019,1756783981,1698217743668,4,3
20251013-20251019,1757738096,1698217743585,4,3
20251013-20251019,1747388774,1698217739117,4,4
20251013-20251019,1698202662,1698217737526,4,3
20251013-20251019,1751615057,1698217741384,4,4
20251013-20251019,1756783981,1698217743701,4,2
20251013-20251019,1741762027,1698217738806,4,4
20251013-20251019,1753174385,1698217741786,4,2
20251013-20251019,1754281426,1698217743037,4,3
20251013-20251019,1747388774,1698217739147,4,3
20251013-20251019,1698202251,1698217740856,4,4
20251013-20251019,1751632483,1698217741222,4,3
20251013-20251019,1719571148,1698217737823,4,4
20251013-20251019,1757738096,1698217743583,4,3
20251013-20251019,1718444707,1698217737730,4,4
20251013-20251019,1751632483,1698217741215,4,4
20251013-20251019,1753174385,1698217741771,4,3
20251013-20251019,1718444707,1698217737716,4,4
20251013-20251019,1698202662,1698217736654,4,4
20251013-20251019,1757738096,1698217743573,4,3
20251013-20251019,1755248023,1698217743222,4,4
20251013-20251019,1751615284,1698217741386,4,3
20251013-20251019,1750413710,1698217740174,4,3
20251013-20251019,1752747448,1698217741739,4,2
20251013-20251019,1719571148,1698217737806,4,3
20251013-20251019,1756280066,1698217743588,4,2
20251013-20251019,1752747448,1698217744601,4,2
20251013-20251019,1755246422,1698217743175,4,3
20251013-20251019,1756783981,1698217743697,4,3
20251013-20251019,1735282015,1698217738725,4,4
20251013-20251019,1752747448,1698217742914,4,2
20251013-20251019,1756783981,1698217743897,4,4
20251013-20251019,1698202662,1698217736099,4,3
20251013-20251019,1698202251,1698217744489,4,3
20251013-20251019,1698202251,1698217741850,4,3
20251013-20251019,1754281426,1698217743031,4,3
20251013-20251019,1760338096,1698217745048,4,4
20251013-20251019,1757302420,1698217743902,3,3
20251013-20251019,1698202251,1698217736239,3,2
20251013-20251019,1753174385,1698217741783,3,3
20251013-20251019,1751613789,1698217740723,3,2
20251013-20251019,1754913084,1698217743149,3,3
20251013-20251019,1747388774,1698217739125,3,3
20251013-20251019,1750762420,1698217740208,3,3
20251013-20251019,1753174385,1698217741772,3,3
20251013-20251019,1753174385,1698217741762,3,2
20251013-20251019,1750646521,1698217744723,3,3
20251013-20251019,1753174385,1698217741768,3,2
20251013-20251019,1742289481,1698217738986,3,3
20251013-20251019,1723801345,1698217738114,3,2
20251013-20251019,1754281426,1698217743045,3,3
20251013-20251019,1757657097,1698217744806,3,2
20251013-20251019,1752747448,1698217741732,3,3
20251013-20251019,1698202251,1698217736362,3,3
20251013-20251019,1752222840,1698217743858,3,3
20251013-20251019,1757302420,1698217743915,3,3
20251013-20251019,1750762420,1698217740215,3,2
20251013-20251019,1741762027,1698217738808,3,3
20251013-20251019,1756783981,1698217743692,3,2
20251013-20251019,1752747448,1698217741742,3,3
20251013-20251019,1756280066,1698217743589,3,3
20251013-20251019,1750762420,1698217740195,3,3
20251013-20251019,1742289481,1698217739003,3,2
20251013-20251019,1750413710,1698217739495,3,3
20251013-20251019,1747388774,1698217739126,3,2
20251013-20251019,1752747448,1698217741736,3,2
20251013-20251019,1698202662,1698217736240,3,3
20251013-20251019,1718444707,1698217737717,3,3
20251013-20251019,1750413710,1698217739498,3,3
20251013-20251019,1756783981,1698217743669,3,2
20251013-20251019,1713329090,1698217736895,3,3
20251013-20251019,1751256811,1698217744743,3,3
20251013-20251019,1718444707,1698217737715,3,3
20251013-20251019,1747388774,1698217739136,3,2
20251013-20251019,1718444707,1698217737718,3,3
20251013-20251019,1757738096,1698217743608,3,3
20251013-20251019,1718444707,1698217737729,3,3
20251013-20251019,1749463700,1698217739269,3,2
20251013-20251019,1756783981,1698217743700,3,1
20251013-20251019,1752206048,1698217741405,3,1
20251013-20251019,1753174385,1698217741784,3,3
20251013-20251019,1750762420,1698217740192,3,3
20251013-20251019,1718444707,1698217737724,3,1
20251013-20251019,1750762420,1698217740222,3,2
20251013-20251019,1756783981,1698217743663,3,3
20251013-20251019,1751615500,1698217744756,3,3
20251013-20251019,1753174385,1698217741769,3,2
20251013-20251019,1718444707,1698217737736,3,2
20251013-20251019,1750413710,1698217740530,3,3
20251013-20251019,1757738096,1698217743595,2,2
20251013-20251019,1747388774,1698217739131,2,2
20251013-20251019,1750413710,1698217739496,2,2
20251013-20251019,1749463700,1698217739277,2,2
20251013-20251019,1752222840,1698217741712,2,1
20251013-20251019,1750648058,1698217744727,2,2
20251013-20251019,1757656822,1698217744041,2,2
20251013-20251019,1747388774,1698217739119,2,2
20251013-20251019,1753174385,1698217741777,2,1
20251013-20251019,1756783981,1698217743686,2,2
20251013-20251019,1750649720,1698217741365,2,2
20251013-20251019,1752747448,1698217743862,2,1
20251013-20251019,1716179958,1698217738013,2,2
20251013-20251019,1751256811,1698217740373,2,2
20251013-20251019,1756783981,1698217743695,2,1
20251013-20251019,1750647705,1698217744726,2,2
20251013-20251019,1723801345,1698217738109,2,2
20251013-20251019,1752566036,1698217741529,2,2
20251013-20251019,1750413710,1698217739505,2,2
20251013-20251019,1750762420,1698217740196,2,2
20251013-20251019,1751613789,1698217740718,2,2
20251013-20251019,1755486340,1698217743272,2,1
20251013-20251019,1752747448,1698217741734,2,2
20251013-20251019,1718444707,1698217737725,2,2
20251013-20251019,1754913084,1698217743145,2,2
20251013-20251019,1757738096,1698217743609,2,2
20251013-20251019,1752566036,1698217741536,2,2
20251013-20251019,1752747448,1698217741721,2,2
20251013-20251019,1742280059,1698217741343,2,2
20251013-20251019,1760338096,1698217745013,2,1
20251013-20251019,1750762420,1698217740200,2,2
20251013-20251019,1752747448,1698217741741,2,2
20251013-20251019,1750647418,1698217744725,2,2
20251013-20251019,1751612625,1698217744747,2,2
20251013-20251019,1749463700,1698217739257,2,2
20251013-20251019,1749463700,1698217739286,2,2
20251013-20251019,1750413710,1698217739492,2,1
20251013-20251019,1755486340,1698217743273,2,2
20251013-20251019,1742289481,1698217739000,2,2
20251013-20251019,1754281426,1698217743047,2,2
20251013-20251019,1751632483,1698217741216,2,2
20251013-20251019,1752222840,1698217741467,2,2
20251013-20251019,1752206048,1698217741396,2,1
20251013-20251019,1757657097,1698217744137,2,1
20251013-20251019,1723801345,1698217738105,2,2
20251013-20251019,1752206048,1698217741431,2,1
20251013-20251019,1718444707,1698217741642,2,2
20251013-20251019,1750413710,1698217739482,2,2
20251013-20251019,1751613252,1698217740684,2,2
20251013-20251019,1742289481,1698217738985,2,2
20251013-20251019,1749463700,1698217739256,2,2
20251013-20251019,1751615160,1698217741044,2,2
20251013-20251019,1753174385,1698217741961,2,2
20251013-20251019,1698202662,1698217742805,2,1
20251013-20251019,1755486340,1698217743275,2,2
20251013-20251019,1747388774,1698217739121,2,2
20251013-20251019,1750413710,1698217739488,2,2
20251013-20251019,1750650532,1698217741369,2,2
20251013-20251019,1751615500,1698217741165,2,2
20251013-20251019,1751613789,1698217740738,2,2
20251013-20251019,1752566036,1698217741547,2,2
20251013-20251019,1751255752,1698217742891,2,2
20251013-20251019,1698202662,1698217740857,2,2
20251013-20251019,1757656943,1698217744092,2,2
20251013-20251019,1718444707,1698217737740,2,2
20251013-20251019,1752222840,1698217742910,2,2
20251013-20251019,1751255752,1698217740278,2,2
20251013-20251019,1698202251,1698217736305,2,2
20251013-20251019,1756783981,1698217743691,2,2
20251013-20251019,1718444707,1698217737738,2,2
20251013-20251019,1742289481,1698217738981,2,2
20251013-20251019,1751255752,1698217744741,2,2
20251013-20251019,1757738096,1698217743613,2,2
20251013-20251019,1718444707,1698217740892,2,2
20251013-20251019,1723801345,1698217738113,2,2
20251013-20251019,1735282015,1698217738726,2,2
20251013-20251019,1756783981,1698217743678,2,2
20251013-20251019,1751613789,1698217740717,2,2
20251013-20251019,1758696175,1698217744812,2,2
20251013-20251019,1751256811,1698217740358,2,1
20251013-20251019,1751256811,1698217740356,2,1
20251013-20251019,1751256811,1698217740350,2,2
20251013-20251019,1751255752,1698217740280,2,2
20251013-20251019,1749627491,1698217739342,2,2
20251013-20251019,1713329090,1698217736876,2,2
20251013-20251019,1747388774,1698217739133,1,1
20251013-20251019,1747388774,1698217739140,1,1
20251013-20251019,1752747448,1698217741731,1,1
20251013-20251019,1751255752,1698217740282,1,1
20251013-20251019,1751255752,1698217740298,1,1
20251013-20251019,1750662197,1698217744738,1,1
20251013-20251019,1751256811,1698217740360,1,1
20251013-20251019,1750413710,1698217739491,1,1
20251013-20251019,1750647002,1698217739559,1,1
20251013-20251019,1755486340,1698217743269,1,1
20251013-20251019,1751615500,1698217741161,1,1
20251013-20251019,1750648580,1698217741925,1,1
20251013-20251019,1755486340,1698217744628,1,1
20251013-20251019,1757302420,1698217743907,1,1
20251013-20251019,1756783981,1698217743693,1,1
20251013-20251019,1755486340,1698217743281,1,1
20251013-20251019,1757656822,1698217744067,1,1
20251013-20251019,1751255752,1698217740274,1,1
20251013-20251019,1751615057,1698217741023,1,1
20251013-20251019,1752222840,1698217741468,1,1
20251013-20251019,1757657097,1698217744149,1,1
20251013-20251019,1757302420,1698217743911,1,1
20251013-20251019,1757302420,1698217743914,1,1
20251013-20251019,1752222840,1698217741956,1,1
20251013-20251019,1750648058,1698217739686,1,1
20251013-20251019,1750650330,1698217744736,1,1
20251013-20251019,1751613789,1698217740726,1,1
20251013-20251019,1742289481,1698217738982,1,1
20251013-20251019,1760338096,1698217745034,1,1
20251013-20251019,1751255752,1698217740279,1,1
20251013-20251019,1751255752,1698217740272,1,1
20251013-20251019,1752222840,1698217741448,1,1
20251013-20251019,1756783981,1698217743698,1,1
20251013-20251019,1750648580,1698217739761,1,1
20251013-20251019,1698202662,1698217736096,1,1
20251013-20251019,1751615500,1698217741183,1,1
20251013-20251019,1752747448,1698217741755,1,1
20251013-20251019,1750647705,1698217744561,1,1
20251013-20251019,1742289481,1698217738988,1,1
20251013-20251019,1752747448,1698217741730,1,1
20251013-20251019,1757657097,1698217744152,1,1
20251013-20251019,1751256811,1698217740361,1,1
20251013-20251019,1758696175,1698217744409,1,1
20251013-20251019,1752206048,1698217741421,1,1
20251013-20251019,1760608379,1698217745093,1,1
20251013-20251019,1751256811,1698217740371,1,1
20251013-20251019,1698202251,1698217736104,1,1
20251013-20251019,1698202662,1698217736087,1,1
20251013-20251019,1756783981,1698217743660,1,1
20251013-20251019,1758696142,1698217744352,1,1
20251013-20251019,1749627491,1698217744720,1,1
20251013-20251019,1750650532,1698217740055,1,1
20251013-20251019,1719571148,1698217737807,1,1
20251013-20251019,1751255752,1698217744576,1,1
20251013-20251019,1749627491,1698217739357,1,1
20251013-20251019,1751255752,1698217740293,1,1
20251013-20251019,1756783981,1698217743696,1,1
20251013-20251019,1753174385,1698217741797,1,1
20251013-20251019,1752566036,1698217741533,1,1
20251013-20251019,1751256811,1698217740355,1,1
20251013-20251019,1752747448,1698217741735,1,1
20251013-20251019,1751615160,1698217741065,1,1
20251013-20251019,1750646521,1698217739530,1,1
20251013-20251019,1718444707,1698217737719,1,1
20251013-20251019,1750413710,1698217739485,1,1
20251013-20251019,1718444707,1698217737731,1,1
20251013-20251019,1751255752,1698217740296,1,1
20251013-20251019,1756783981,1698217743667,1,1
20251013-20251019,1755486340,1698217743891,1,1
20251013-20251019,1757657097,1698217744127,1,1
20251013-20251019,1723801345,1698217738112,1,1
20251013-20251019,1753174385,1698217741787,1,1
20251013-20251019,1757656822,1698217744046,1,1
20251013-20251019,1742289481,1698217738990,1,1
20251013-20251019,1719571148,1698217737802,1,1
20251013-20251019,1758629060,1698217744645,1,1
20251013-20251019,1751615500,1698217741187,1,1
20251013-20251019,1719571148,1698217737799,1,1
20251013-20251019,1757657097,1698217744155,1,1
20251013-20251019,1698202662,1698217736227,1,1
20251013-20251019,1756783981,1698217743690,1,1
20251013-20251019,1752222840,1698217744760,1,1
20251013-20251019,1751256811,1698217744578,1,1
20251013-20251019,1752747448,1698217741753,1,1
20251013-20251019,1755486340,1698217743276,1,1
20251013-20251019,1750648058,1698217741359,1,1
20251013-20251019,1718444707,1698217737722,1,1
20251013-20251019,1760608379,1698217745061,1,1
20251013-20251019,1698202662,1698217736363,1,1
20251013-20251019,1756783981,1698217743661,1,1
20251013-20251019,1750647705,1698217739631,1,1
20251013-20251019,1751615160,1698217744753,1,1
20251013-20251019,1754281426,1698217743029,1,1
20251013-20251019,1750649540,1698217739868,1,1
20251013-20251019,1752566036,1698217741535,1,1
20251013-20251019,1747388774,1698217739123,1,1
20251013-20251019,1698202662,1698217740755,1,1
20251013-20251019,1757302420,1698217743923,1,1
20251013-20251019,1750413710,1698217739477,1,1
20251013-20251019,1756783981,1698217743682,1,1
20251013-20251019,1747388774,1698217739124,1,1
20251013-20251019,1757656822,1698217744045,1,1
20251013-20251019,1750650532,1698217744737,1,1
20251013-20251019,1754281426,1698217743051,1,1
20251013-20251019,1753174385,1698217742915,1,1
20251013-20251019,1760608379,1698217745089,1,1
20251013-20251019,1750649209,1698217741363,1,1
20251013-20251019,1752222840,1698217744595,1,1
20251013-20251019,1742289481,1698217738993,1,1
20251013-20251019,1749463700,1698217739274,1,1
20251013-20251019,1757657097,1698217744133,1,1
20251013-20251019,1755486340,1698217743274,1,1
20251013-20251019,1698202662,1698217737754,1,1
20251013-20251019,1752206048,1698217741394,1,1
20251013-20251019,1751615500,1698217741159,1,1
20251013-20251019,1751256811,1698217740347,1,1
20251013-20251019,1752747448,1698217741750,1,1
20251013-20251019,1751613252,1698217744749,1,1
20251013-20251019,1751632483,1698217741230,1,1
20251013-20251019,1750647705,1698217739633,1,1
20251013-20251019,1742289481,1698217739001,1,1
20251013-20251019,1750649540,1698217744732,1,1
20251013-20251019,1760608379,1698217745096,1,1
20251013-20251019,1754281426,1698217743044,1,1
20251013-20251019,1742289481,1698217738976,1,1
20251013-20251019,1723801345,1698217738116,1,1
20251013-20251019,1751613789,1698217744750,1,1
20251013-20251019,1757656822,1698217744059,1,1
20251013-20251019,1719571148,1698217737805,1,1
20251013-20251019,1757302420,1698217743916,1,1
20251013-20251019,1742289481,1698217738987,1,1
20251013-20251019,1753174385,1698217741773,1,1
20251013-20251019,1753174385,1698217741774,1,1
20251013-20251019,1751615402,1698217741146,1,1
20251013-20251019,1751615057,1698217741022,1,1
20251013-20251019,1750649540,1698217739852,1,1
20251013-20251019,1755486340,1698217743271,1,1
20251013-20251019,1751615057,1698217744752,1,1
20251013-20251019,1718444707,1698217737723,1,1
20251013-20251019,1718444707,1698217737744,1,1
20251013-20251019,1750648292,1698217741360,1,1
20251013-20251019,1760608478,1698217745106,1,1
20251013-20251019,1753174385,1698217741800,1,1
20251013-20251019,1749463700,1698217739259,1,1
20251013-20251019,1751613252,1698217740700,1,1
20251013-20251019,1751613789,1698217744585,1,1
20251013-20251019,1752566036,1698217742912,1,1
20251013-20251019,1758696175,1698217744426,1,1
20251013-20251019,1754913084,1698217743152,1,1
20251013-20251019,1698202662,1698217741607,1,1
20251013-20251019,1750648580,1698217739738,1,1
20251013-20251019,1751256811,1698217740363,1,1
20251013-20251019,1751255752,1698217740277,1,1
20251013-20251019,1750649868,1698217744734,1,1
20251013-20251019,1756783981,1698217743673,1,1
20251013-20251019,1750649209,1698217744566,1,1
20251013-20251019,1718444707,1698217737732,1,1
20251013-20251019,1752222840,1698217741473,1,1
20251013-20251019,1752747448,1698217741747,1,1
20251013-20251019,1751615500,1698217741195,1,1
20251013-20251019,1751615160,1698217741060,1,1
20251013-20251019,1751613789,1698217740744,1,1
20251013-20251019,1750646521,1698217739512,1,1
20251013-20251019,1757657097,1698217744129,1,1
20251013-20251019,1754913084,1698217743137,1,1
20251013-20251019,1718444707,1698217737726,1,1
20251013-20251019,1757656822,1698217744062,1,1
20251013-20251019,1751615402,1698217741143,1,1
20251013-20251019,1757657097,1698217744154,1,1
20251013-20251019,1760338096,1698217745027,1,1
20251013-20251019,1747388774,1698217739138,1,1
20251013-20251019,1751255752,1698217740283,1,1
20251013-20251019,1749463700,1698217739275,1,1
20251013-20251019,1757657097,1698217744151,1,1
20251013-20251019,1749627491,1698217744555,1,1
20251013-20251019,1755486340,1698217743268,1,1
20251013-20251019,1757656640,1698217744016,1,1
20251013-20251019,1749627491,1698217739352,1,1
20251013-20251019,1750762420,1698217740213,1,1
20251013-20251019,1751615284,1698217741077,1,1
20251013-20251019,1755486340,1698217743261,1,1
20251013-20251019,1757738096,1698217743594,1,1
20251013-20251019,1757656943,1698217744107,1,1
20251013-20251019,1750648580,1698217739760,1,1
20251013-20251019,1751255752,1698217741373,1,1
20251013-20251019,1750762420,1698217740193,1,1
20251013-20251019,1750413710,1698217739483,1,1
20251013-20251019,1749627491,1698217739360,1,1
20251013-20251019,1757302420,1698217743910,1,1
20251013-20251019,1750413710,1698217739487,1,1
20251013-20251019,1757656640,1698217743992,1,1
20251013-20251019,1760338096,1698217745045,1,1
20251013-20251019,1754913084,1698217743154,1,1
20251013-20251019,1757656943,1698217744805,1,1
20251013-20251019,1718444707,1698217742840,1,1
20251013-20251019,1751256462,1698217744577,1,1
20251013-20251019,1751255752,1698217740300,1,1
20251013-20251019,1751615500,1698217741166,1,1
20251013-20251019,1751256811,1698217740346,1,1
20251013-20251019,1751256811,1698217740359,1,1
20251013-20251019,1751256811,1698217740357,1,1
20251013-20251019,1750650532,1698217740048,1,1
20251013-20251019,1749627491,1698217739340,1,1
20251013-20251019,1698202251,1698217736817,1,1
20251013-20251019,1751612625,1698217744582,1,1
20251013-20251019,1749627491,1698217743818,1,1
20251013-20251019,1698202662,1698217741851,1,1
20251013-20251019,1758629060,1698217744345,1,1
20251013-20251019,1752747448,1698217741749,1,1
20251013-20251019,1742289481,1698217738995,1,1
20251013-20251019,1758629060,1698217744340,1,1
20251013-20251019,1753174385,1698217741776,1,1
20251013-20251019,1752747448,1698217741740,1,1
20251013-20251019,1747388774,1698217739139,1,1
20251013-20251019,1750646521,1698217739537,1,1
20251013-20251019,1754913084,1698217743146,1,1
