period_range,merchant,game_id,monthly_unique_users,active_days
20250901-20250930,1716179958,1698217737303,201109,30
20250901-20250930,1751602642,1698217741378,200346,30
20250901-20250930,1737978166,1698217738766,185361,30
20250901-20250930,1716179958,1698217741317,133430,30
20250901-20250930,1737978166,1698217738739,125072,30
20250901-20250930,1737978166,1698217739455,112981,30
20250901-20250930,1737978166,1698217741337,105122,30
20250901-20250930,1698203058,1698217738034,94190,30
20250901-20250930,1713329090,1698217738052,81031,30
20250901-20250930,1713329090,1698217738231,56849,30
20250901-20250930,1737978166,1698217740513,55722,30
20250901-20250930,1716179958,1698217738239,44235,30
20250901-20250930,1698203058,1698217738213,41861,30
20250901-20250930,1698203058,1698217737098,40185,30
20250901-20250930,1716179958,1698217739435,31962,30
20250901-20250930,1713329090,1698217738435,30819,30
20250901-20250930,1751602642,1698217740588,30518,30
20250901-20250930,1737978166,1698217741901,30025,30
20250901-20250930,1751602642,1698217740589,29765,30
20250901-20250930,1741762027,1698217738834,28550,30
20250901-20250930,1698203058,1698217738417,28248,30
20250901-20250930,1741762027,1698217738833,27976,30
20250901-20250930,1737978166,1698217738747,27145,30
20250901-20250930,1713329090,1698217737116,26193,30
20250901-20250930,1716179958,1698217737323,24945,30
20250901-20250930,1737978166,1698217740157,23817,30
20250901-20250930,1716179958,1698217739010,21830,30
20250901-20250930,1756280066,1698217743604,21592,30
20250901-20250930,1737978166,1698217741657,21321,30
20250901-20250930,1698203058,1698217738519,19858,18
20250901-20250930,1737978166,1698217738743,18181,30
20250901-20250930,1716179958,1698217737305,18136,30
20250901-20250930,1737978166,1698217738765,16398,30
20250901-20250930,1698203058,1698217736029,13476,30
20250901-20250930,1698202251,1698217738514,12234,30
20250901-20250930,1737978166,1698217738749,12083,30
20250901-20250930,1723801345,1698217738133,11880,30
20250901-20250930,1751632483,1698217741236,11388,30
20250901-20250930,1755248023,1698217743229,10543,30
20250901-20250930,1713329090,1698217737252,10278,30
20250901-20250930,1741762027,1698217739457,9778,30
20250901-20250930,1716179958,1698217737312,9591,30
20250901-20250930,1716179958,1698217737314,9543,30
20250901-20250930,1756280066,1698217743607,8736,30
20250901-20250930,1713329090,1698217738537,8240,30
20250901-20250930,1716179958,1698217737319,8137,30
20250901-20250930,1716179958,1698217737325,8088,30
20250901-20250930,1716179958,1698217738060,7869,30
20250901-20250930,1716179958,1698217737308,7037,30
20250901-20250930,1698203058,1698217737234,6970,30
20250901-20250930,1737978166,1698217738757,6937,30
20250901-20250930,1716179958,1698217737318,6876,30
20250901-20250930,1751602642,1698217740575,6837,30
20250901-20250930,1755248023,1698217743230,6785,30
20250901-20250930,1698202251,1698217738259,6775,30
20250901-20250930,1716179958,1698217737321,6598,30
20250901-20250930,1751632483,1698217741233,6380,30
20250901-20250930,1751602642,1698217740591,6084,30
20250901-20250930,1698203058,1698217737758,6009,30
20250901-20250930,1698202251,1698217738412,5797,30
20250901-20250930,1698202662,1698217738413,5794,30
20250901-20250930,1698203058,1698217737270,5783,30
20250901-20250930,1698202251,1698217738310,5525,30
20250901-20250930,1741762027,1698217741339,5489,30
20250901-20250930,1698202662,1698217738260,5419,30
20250901-20250930,1756280066,1698217743605,5312,30
20250901-20250930,1698203058,1698217738264,4993,30
20250901-20250930,1737978166,1698217738741,4838,30
20250901-20250930,1716179958,1698217737326,4691,30
20250901-20250930,1749463700,1698217739276,4573,30
20250901-20250930,1737978166,1698217738764,4478,30
20250901-20250930,1749463700,1698217741914,4461,30
20250901-20250930,1716179958,1698217737317,4377,30
20250901-20250930,1698202662,1698217738515,4330,30
20250901-20250930,1698202662,1698217736097,4290,30
20250901-20250930,1698203058,1698217738366,4290,30
20250901-20250930,1713329090,1698217736875,4283,30
20250901-20250930,1719571148,1698217738245,4047,30
20250901-20250930,1737978166,1698217738737,3976,30
20250901-20250930,1751632483,1698217741202,3923,30
20250901-20250930,1713329090,1698217738384,3908,30
20250901-20250930,1698203058,1698217736658,3889,30
20250901-20250930,1698203058,1698217736850,3849,30
20250901-20250930,1737978166,1698217738761,3848,30
20250901-20250930,1698203058,1698217739409,3754,30
20250901-20250930,1749463700,1698217739280,3668,30
20250901-20250930,1751602642,1698217740582,3529,30
20250901-20250930,1698203058,1698217736401,3452,30
20250901-20250930,1751602642,1698217740561,3451,30
20250901-20250930,1713329090,1698217739427,3383,30
20250901-20250930,1716179958,1698217740493,3351,30
20250901-20250930,1749463700,1698217739283,3349,30
20250901-20250930,1741762027,1698217738825,3263,30
20250901-20250930,1750762420,1698217740225,3250,30
20250901-20250930,1716179958,1698217737311,3242,30
20250901-20250930,1713329090,1698217741309,3219,30
20250901-20250930,1749463700,1698217739284,3091,30
20250901-20250930,1741762027,1698217738829,2886,30
20250901-20250930,1750762420,1698217740194,2832,30
20250901-20250930,1737978166,1698217738744,2775,30
20250901-20250930,1737978166,1698217738751,2719,30
20250901-20250930,1749463700,1698217744553,2570,5
20250901-20250930,1723801345,1698217738107,2535,30
20250901-20250930,1737978166,1698217740805,2524,30
20250901-20250930,1698203058,1698217737132,2496,30
20250901-20250930,1737978166,1698217738738,2386,30
20250901-20250930,1716179958,1698217740137,2299,30
20250901-20250930,1713329090,1698217738333,2296,30
20250901-20250930,1737978166,1698217738746,2245,30
20250901-20250930,1713329090,1698217738282,2204,30
20250901-20250930,1698203058,1698217738315,2202,30
20250901-20250930,1698202251,1698217740462,2168,30
20250901-20250930,1698203058,1698217738468,2141,30
20250901-20250930,1716179958,1698217737324,2140,30
20250901-20250930,1698202662,1698217739405,2065,30
20250901-20250930,1751602642,1698217740565,2020,30
20250901-20250930,1698203058,1698217737033,2013,30
20250901-20250930,1754281426,1698217743058,2011,30
20250901-20250930,1698202251,1698217739404,2004,30
20250901-20250930,1698203058,1698217741291,1996,30
20250901-20250930,1737978166,1698217738740,1967,30
20250901-20250930,1737978166,1698217738755,1880,30
20250901-20250930,1757302420,1698217743928,1873,23
20250901-20250930,1716179958,1698217737556,1864,30
20250901-20250930,1698202662,1698217738311,1860,30
20250901-20250930,1750762420,1698217740221,1788,30
20250901-20250930,1716179958,1698217739011,1734,30
20250901-20250930,1737978166,1698217738748,1730,30
20250901-20250930,1698202662,1698217740463,1720,30
20250901-20250930,1713329090,1698217736891,1702,30
20250901-20250930,1737978166,1698217738762,1688,30
20250901-20250930,1723801345,1698217738129,1687,30
20250901-20250930,1698202251,1698217738361,1676,30
20250901-20250930,1756280066,1698217743611,1663,30
20250901-20250930,1737978166,1698217739206,1651,28
20250901-20250930,1751602642,1698217740578,1596,30
20250901-20250930,1749463700,1698217743816,1595,26
20250901-20250930,1713329090,1698217738486,1551,30
20250901-20250930,1741762027,1698217740159,1548,30
20250901-20250930,1698203058,1698217736794,1481,30
20250901-20250930,1756280066,1698217743612,1476,30
20250901-20250930,1698202251,1698217738463,1454,30
20250901-20250930,1698203058,1698217736608,1452,30
20250901-20250930,1741762027,1698217739208,1450,30
20250901-20250930,1698203058,1698217737530,1427,30
20250901-20250930,1698202662,1698217738209,1369,30
20250901-20250930,1698202662,1698217737094,1333,30
20250901-20250930,1698203058,1698217736031,1314,30
20250901-20250930,1741762027,1698217741903,1304,30
20250901-20250930,1737978166,1698217742855,1270,30
20250901-20250930,1757302420,1698217743932,1249,22
20250901-20250930,1737978166,1698217738763,1247,30
20250901-20250930,1716179958,1698217737316,1243,30
20250901-20250930,1756280066,1698217743578,1232,30
20250901-20250930,1737978166,1698217738752,1227,28
20250901-20250930,1698202662,1698217740107,1223,30
20250901-20250930,1755248023,1698217743239,1222,30
20250901-20250930,1753353246,1698217743407,1211,30
20250901-20250930,1741932733,1698217741340,1200,30
20250901-20250930,1698203058,1698217736276,1199,30
20250901-20250930,1751602642,1698217740577,1199,30
20250901-20250930,1698202251,1698217740106,1195,30
20250901-20250930,1713329090,1698217736893,1188,30
20250901-20250930,1713329090,1698217736884,1185,30
20250901-20250930,1737978166,1698217738754,1185,30
20250901-20250930,1750762420,1698217740212,1175,30
20250901-20250930,1751632483,1698217741234,1138,30
20250901-20250930,1751602642,1698217740579,1130,30
20250901-20250930,1751602642,1698217740581,1128,30
20250901-20250930,1698202662,1698217738030,1123,30
20250901-20250930,1751602642,1698217740557,1078,30
20250901-20250930,1737978166,1698217738750,1069,30
20250901-20250930,1751632483,1698217741953,1055,30
20250901-20250930,1757302420,1698217743929,1039,23
20250901-20250930,1716179958,1698217737313,1033,30
20250901-20250930,1757738096,1698217743604,1032,15
20250901-20250930,1713329090,1698217740129,1015,30
20250901-20250930,1716179958,1698217737322,1013,30
20250901-20250930,1756280066,1698217743592,1010,30
20250901-20250930,1749463700,1698217739266,1007,30
20250901-20250930,1713329090,1698217740485,1004,30
20250901-20250930,1719571148,1698217738066,999,30
20250901-20250930,1698202662,1698217738362,990,30
20250901-20250930,1741762027,1698217738832,956,30
20250901-20250930,1719571148,1698217741323,948,30
20250901-20250930,1749463700,1698217740526,928,30
20250901-20250930,1737978166,1698217738753,921,30
20250901-20250930,1737978166,1698217738758,909,30
20250901-20250930,1741762027,1698217738807,900,30
20250901-20250930,1737978166,1698217738759,899,30
20250901-20250930,1741932733,1698217738841,899,30
20250901-20250930,1737978166,1698217738756,892,30
20250901-20250930,1751602642,1698217740572,889,30
20250901-20250930,1698202662,1698217737266,870,30
20250901-20250930,1737978166,1698217743803,865,27
20250901-20250930,1716179958,1698217739013,857,30
20250901-20250930,1751602642,1698217740567,851,30
20250901-20250930,1716179958,1698217737301,840,30
20250901-20250930,1755246422,1698217743163,836,21
20250901-20250930,1698202251,1698217737093,834,30
20250901-20250930,1716179958,1698217737594,832,30
20250901-20250930,1750762420,1698217740219,815,30
20250901-20250930,1716179958,1698217737328,804,30
20250901-20250930,1698202662,1698217738464,799,30
20250901-20250930,1741762027,1698217738830,792,30
20250901-20250930,1750413710,1698217739502,785,9
20250901-20250930,1756280066,1698217743598,772,30
20250901-20250930,1737978166,1698217738760,766,30
20250901-20250930,1698202251,1698217738029,764,30
20250901-20250930,1751632483,1698217741709,761,30
20250901-20250930,1716179958,1698217739008,760,30
20250901-20250930,1754281426,1698217743057,757,28
20250901-20250930,1756280066,1698217743582,752,30
20250901-20250930,1741762027,1698217743805,751,28
20250901-20250930,1713329090,1698217739178,750,30
20250901-20250930,1723801345,1698217738132,745,30
20250901-20250930,1755248023,1698217738867,739,18
20250901-20250930,1755248023,1698217743185,734,9
20250901-20250930,1751602642,1698217740587,728,30
20250901-20250930,1751632483,1698217741200,708,28
20250901-20250930,1698202662,1698217737230,702,30
20250901-20250930,1716179958,1698217737784,696,30
20250901-20250930,1698202251,1698217738208,692,30
20250901-20250930,1757738096,1698217743607,691,17
20250901-20250930,1756280066,1698217743572,681,30
20250901-20250930,1749463700,1698217741670,675,30
20250901-20250930,1698203058,1698217736310,651,30
20250901-20250930,1723801345,1698217738128,649,30
20250901-20250930,1698202251,1698217736114,647,30
20250901-20250930,1713329090,1698217737288,634,30
20250901-20250930,1755246422,1698217743195,627,20
20250901-20250930,1750762420,1698217740202,624,30
20250901-20250930,1755246422,1698217743184,612,20
20250901-20250930,1716179958,1698217737309,610,30
20250901-20250930,1750762420,1698217740206,609,30
20250901-20250930,1751632483,1698217741389,605,30
20250901-20250930,1716179958,1698217737302,603,30
20250901-20250930,1741762027,1698217738815,602,30
20250901-20250930,1754281426,1698217743027,601,29
20250901-20250930,1713329090,1698217740777,598,30
20250901-20250930,1719571148,1698217739441,594,30
20250901-20250930,1713329090,1698217741629,591,30
20250901-20250930,1713329090,1698217741873,589,30
20250901-20250930,1698202251,1698217737525,586,30
20250901-20250930,1737978166,1698217740907,585,30
20250901-20250930,1698203058,1698217736822,584,30
20250901-20250930,1749463700,1698217739279,579,30
20250901-20250930,1741762027,1698217738809,570,30
20250901-20250930,1698202662,1698217736846,567,30
20250901-20250930,1723801345,1698217738122,561,30
20250901-20250930,1716179958,1698217737315,560,30
20250901-20250930,1713329090,1698217743775,556,28
20250901-20250930,1751632483,1698217741201,535,28
20250901-20250930,1750413710,1698217739501,527,19
20250901-20250930,1698203058,1698217737987,523,30
20250901-20250930,1756280066,1698217743601,510,30
20250901-20250930,1755248023,1698217738868,508,18
20250901-20250930,1755246422,1698217743167,508,21
20250901-20250930,1751602642,1698217740573,496,30
20250901-20250930,1751602642,1698217740585,493,30
20250901-20250930,1741762027,1698217738831,488,30
20250901-20250930,1747388774,1698217739146,478,30
20250901-20250930,1749463700,1698217739285,477,30
20250901-20250930,1756280066,1698217743610,476,30
20250901-20250930,1755248023,1698217743186,472,9
20250901-20250930,1698202662,1698217736604,471,30
20250901-20250930,1719571148,1698217737817,470,30
20250901-20250930,1749463700,1698217740920,469,30
20250901-20250930,1713329090,1698217742827,467,30
20250901-20250930,1755246422,1698217743159,456,21
20250901-20250930,1749463700,1698217739258,454,30
20250901-20250930,1751602642,1698217740574,453,30
20250901-20250930,1751602642,1698217740566,445,30
20250901-20250930,1756280066,1698217743581,445,30
20250901-20250930,1713329090,1698217740879,439,30
20250901-20250930,1742289481,1698217739004,432,30
20250901-20250930,1698202251,1698217736485,428,30
20250901-20250930,1755246422,1698217743169,427,21
20250901-20250930,1698202251,1698217737265,427,30
20250901-20250930,1757302420,1698217743933,424,22
20250901-20250930,1716179958,1698217739009,417,30
20250901-20250930,1741762027,1698217744542,416,5
20250901-20250930,1698203058,1698217740111,415,30
20250901-20250930,1713329090,1698217737150,414,30
20250901-20250930,1750762420,1698217740198,410,30
20250901-20250930,1698203058,1698217740467,407,30
20250901-20250930,1752566036,1698217741545,400,30
20250901-20250930,1749463700,1698217739282,400,30
20250901-20250930,1749463700,1698217739278,397,30
20250901-20250930,1747388774,1698217739137,395,30
20250901-20250930,1755248023,1698217743213,393,30
20250901-20250930,1755248023,1698217743211,393,30
20250901-20250930,1698203058,1698217737568,390,30
20250901-20250930,1737978166,1698217738767,387,30
20250901-20250930,1713329090,1698217736890,387,30
20250901-20250930,1741932733,1698217740516,381,30
20250901-20250930,1751602642,1698217740563,378,30
20250901-20250930,1756280066,1698217743576,374,30
20250901-20250930,1698202251,1698217736845,367,30
20250901-20250930,1749463700,1698217741350,359,30
20250901-20250930,1698202251,1698217736271,357,30
20250901-20250930,1749463700,1698217740818,352,30
20250901-20250930,1755248023,1698217743214,350,30
20250901-20250930,1713329090,1698217744512,350,6
20250901-20250930,1751602642,1698217741942,344,30
20250901-20250930,1698202662,1698217737128,343,30
20250901-20250930,1698202251,1698217737229,341,30
20250901-20250930,1698203058,1698217741855,341,30
20250901-20250930,1756280066,1698217743579,335,30
20250901-20250930,1756280066,1698217743584,334,30
20250901-20250930,1751632483,1698217741203,330,29
20250901-20250930,1698203058,1698217741611,325,30
20250901-20250930,1751632483,1698217741229,323,30
20250901-20250930,1751602642,1698217740846,321,30
20250901-20250930,1750762420,1698217740226,320,30
20250901-20250930,1750762420,1698217740220,315,30
20250901-20250930,1741932733,1698217738845,315,30
20250901-20250930,1741932733,1698217743239,314,18
20250901-20250930,1698203058,1698217739160,314,30
20250901-20250930,1698202251,1698217736789,304,30
20250901-20250930,1751602642,1698217741698,304,30
20250901-20250930,1698203058,1698217743757,303,28
20250901-20250930,1740973068,1698217738795,300,12
20250901-20250930,1755248023,1698217743231,299,30
20250901-20250930,1751602642,1698217740568,298,30
20250901-20250930,1751602642,1698217740569,297,30
20250901-20250930,1713329090,1698217736877,297,30
20250901-20250930,1751602642,1698217742896,296,22
20250901-20250930,1749463700,1698217742868,295,30
20250901-20250930,1749463700,1698217739468,286,30
20250901-20250930,1755246422,1698217743177,284,21
20250901-20250930,1713329090,1698217737548,283,30
20250901-20250930,1755248023,1698217743207,277,30
20250901-20250930,1752566036,1698217741540,276,30
20250901-20250930,1698203058,1698217736490,276,30
20250901-20250930,1752566036,1698217741551,275,30
20250901-20250930,1741932733,1698217738847,271,28
20250901-20250930,1741762027,1698217738811,270,30
20250901-20250930,1698203058,1698217742809,268,30
20250901-20250930,1750762420,1698217740204,267,30
20250901-20250930,1752566036,1698217741527,261,30
20250901-20250930,1757302420,1698217743938,261,23
20250901-20250930,1756280066,1698217743599,260,30
20250901-20250930,1751632483,1698217741206,259,29
20250901-20250930,1698202251,1698217737563,259,30
20250901-20250930,1755248023,1698217743224,259,30
20250901-20250930,1716179958,1698217739186,259,30
20250901-20250930,1713329090,1698217736883,256,30
20250901-20250930,1719571148,1698217740499,249,30
20250901-20250930,1751602642,1698217740571,241,30
20250901-20250930,1755246422,1698217743196,240,20
20250901-20250930,1755246422,1698217743187,238,20
20250901-20250930,1755248023,1698217743228,236,30
20250901-20250930,1751602642,1698217740556,236,30
20250901-20250930,1750762420,1698217740547,235,29
20250901-20250930,1755248023,1698217743241,234,30
20250901-20250930,1755246422,1698217743173,233,20
20250901-20250930,1755248023,1698217743203,232,30
20250901-20250930,1755246422,1698217743182,231,20
20250901-20250930,1756280066,1698217743573,226,30
20250901-20250930,1753174385,1698217741799,223,21
20250901-20250930,1698202662,1698217737029,222,30
20250901-20250930,1698203058,1698217744494,221,6
20250901-20250930,1749463700,1698217739281,220,30
20250901-20250930,1749463700,1698217739262,219,30
20250901-20250930,1754281426,1698217743060,217,30
20250901-20250930,1716179958,1698217737304,216,30
20250901-20250930,1698203058,1698217736510,213,30
20250901-20250930,1756280066,1698217743597,213,30
20250901-20250930,1698203058,1698217736019,212,30
20250901-20250930,1713329090,1698217736889,212,30
20250901-20250930,1741762027,1698217738823,211,30
20250901-20250930,1751602642,1698217740559,208,28
20250901-20250930,1757738096,1698217743605,206,14
20250901-20250930,1749463700,1698217739268,206,30
20250901-20250930,1746793106,1698217739077,205,30
20250901-20250930,1741932733,1698217738866,203,30
20250901-20250930,1754281426,1698217743045,203,29
20250901-20250930,1746793106,1698217739078,202,30
20250901-20250930,1752566036,1698217741542,202,30
20250901-20250930,1698202251,1698217737127,197,30
20250901-20250930,1698202251,1698217736603,192,30
20250901-20250930,1741932733,1698217738840,191,30
20250901-20250930,1756280066,1698217743583,191,30
20250901-20250930,1755246422,1698217743207,190,8
20250901-20250930,1741932733,1698217743203,188,18
20250901-20250930,1741932733,1698217738849,188,30
20250901-20250930,1756280066,1698217743596,188,30
20250901-20250930,1756280066,1698217743600,187,29
20250901-20250930,1755246422,1698217743157,185,21
20250901-20250930,1755248023,1698217743232,180,29
20250901-20250930,1741932733,1698217738859,180,30
20250901-20250930,1751632483,1698217741210,178,30
20250901-20250930,1716179958,1698217739012,177,30
20250901-20250930,1749463700,1698217740170,176,30
20250901-20250930,1741932733,1698217738851,174,30
20250901-20250930,1747388774,1698217739141,172,30
20250901-20250930,1751632483,1698217741220,172,28
20250901-20250930,1755246422,1698217743179,170,20
20250901-20250930,1713329090,1698217744677,168,2
20250901-20250930,1719571148,1698217737806,168,27
20250901-20250930,1698203058,1698217736231,168,30
20250901-20250930,1740973068,1698217738791,167,12
20250901-20250930,1723801345,1698217738130,165,30
20250901-20250930,1741762027,1698217738817,163,30
20250901-20250930,1741932733,1698217738839,163,30
20250901-20250930,1749463700,1698217739263,157,30
20250901-20250930,1723801345,1698217738117,154,30
20250901-20250930,1713329090,1698217736886,154,29
20250901-20250930,1751602642,1698217740948,153,30
20250901-20250930,1751632483,1698217743855,153,24
20250901-20250930,1698202251,1698217736396,153,30
20250901-20250930,1755246422,1698217743197,153,18
20250901-20250930,1754281426,1698217743031,152,27
20250901-20250930,1747388774,1698217739145,151,30
20250901-20250930,1752566036,1698217741543,151,30
20250901-20250930,1757738096,1698217743612,150,14
20250901-20250930,1698203058,1698217740759,150,30
20250901-20250930,1740973068,1698217739456,150,12
20250901-20250930,1718444707,1698217739440,150,30
20250901-20250930,1750762420,1698217740214,149,30
20250901-20250930,1698203058,1698217736367,149,30
20250901-20250930,1751602642,1698217740564,146,28
20250901-20250930,1713329090,1698217737051,146,29
20250901-20250930,1723801345,1698217738125,145,30
20250901-20250930,1740973068,1698217738799,143,12
20250901-20250930,1756280066,1698217743586,143,30
20250901-20250930,1755246422,1698217743189,143,20
20250901-20250930,1740973068,1698217738798,140,12
20250901-20250930,1757302420,1698217743920,140,23
20250901-20250930,1755246422,1698217743181,140,20
20250901-20250930,1713329090,1698217736880,139,30
20250901-20250930,1698202662,1698217736397,137,30
20250901-20250930,1750413710,1698217739506,137,10
20250901-20250930,1756280066,1698217743613,137,30
20250901-20250930,1750762420,1698217740216,135,29
20250901-20250930,1756280066,1698217743591,135,30
20250901-20250930,1698202251,1698217737028,134,29
20250901-20250930,1756280066,1698217743608,134,30
20250901-20250930,1747388774,1698217739144,133,29
20250901-20250930,1741932733,1698217743207,133,18
20250901-20250930,1741932733,1698217738862,132,26
20250901-20250930,1752566036,1698217741544,132,29
20250901-20250930,1698202251,1698217736115,129,30
20250901-20250930,1750762420,1698217740224,129,28
20250901-20250930,1755248023,1698217743240,128,26
20250901-20250930,1757302420,1698217743940,126,21
20250901-20250930,1755248023,1698217743216,126,29
20250901-20250930,1751602642,1698217740555,125,28
20250901-20250930,1713329090,1698217736887,124,30
20250901-20250930,1741932733,1698217743195,122,9
20250901-20250930,1755246422,1698217743158,122,21
20250901-20250930,1755248023,1698217741340,120,18
20250901-20250930,1741762027,1698217738814,120,29
20250901-20250930,1698203058,1698217736244,120,30
20250901-20250930,1757302420,1698217743924,119,23
20250901-20250930,1755248023,1698217743217,118,28
20250901-20250930,1741762027,1698217738816,118,28
20250901-20250930,1741932733,1698217739458,116,30
20250901-20250930,1755246422,1698217743228,116,9
20250901-20250930,1698202662,1698217736790,116,30
20250901-20250930,1751602642,1698217740576,115,30
20250901-20250930,1752566036,1698217741714,115,27
20250901-20250930,1740973068,1698217738777,115,12
20250901-20250930,1742280059,1698217741663,115,30
20250901-20250930,1756280066,1698217743593,114,30
20250901-20250930,1754281426,1698217743048,114,28
20250901-20250930,1756280066,1698217743575,112,29
20250901-20250930,1755246422,1698217743171,112,20
20250901-20250930,1755246422,1698217743211,111,8
20250901-20250930,1749463700,1698217739270,110,27
20250901-20250930,1741932733,1698217741904,109,30
20250901-20250930,1698203058,1698217736028,109,30
20250901-20250930,1755246422,1698217743192,108,20
20250901-20250930,1741932733,1698217743806,107,13
20250901-20250930,1754281426,1698217743049,107,28
20250901-20250930,1750762420,1698217740217,106,28
20250901-20250930,1749463700,1698217739271,105,28
20250901-20250930,1750762420,1698217740207,105,28
20250901-20250930,1757738096,1698217743611,105,14
20250901-20250930,1723801345,1698217738127,104,27
20250901-20250930,1750762420,1698217740218,104,27
20250901-20250930,1723801345,1698217738131,104,29
20250901-20250930,1741932733,1698217742858,103,27
20250901-20250930,1751602642,1698217740562,103,27
20250901-20250930,1755246422,1698217743203,102,8
20250901-20250930,1713329090,1698217736888,102,28
20250901-20250930,1723801345,1698217738134,101,30
20250901-20250930,1741932733,1698217738855,99,27
20250901-20250930,1756280066,1698217743590,98,29
20250901-20250930,1741932733,1698217738869,97,29
20250901-20250930,1755248023,1698217743236,96,24
20250901-20250930,1741762027,1698217738824,94,30
20250901-20250930,1755246422,1698217743180,93,19
20250901-20250930,1698203058,1698217740861,93,29
20250901-20250930,1741932733,1698217743228,91,18
20250901-20250930,1747388774,1698217739132,91,30
20250901-20250930,1751632483,1698217741212,91,25
20250901-20250930,1755246422,1698217743183,90,19
20250901-20250930,1741932733,1698217743211,90,17
20250901-20250930,1750413710,1698217739497,90,8
20250901-20250930,1741932733,1698217743236,90,17
20250901-20250930,1755248023,1698217743201,87,25
20250901-20250930,1741762027,1698217738805,87,30
20250901-20250930,1718444707,1698217738065,87,25
20250901-20250930,1741932733,1698217738848,87,25
20250901-20250930,1698202251,1698217736116,85,25
20250901-20250930,1755248023,1698217743221,85,24
20250901-20250930,1756280066,1698217743585,85,29
20250901-20250930,1719571148,1698217737820,84,27
20250901-20250930,1755246422,1698217743239,84,9
20250901-20250930,1752566036,1698217741552,83,24
20250901-20250930,1755246422,1698217743170,82,21
20250901-20250930,1741932733,1698217738864,82,26
20250901-20250930,1755246422,1698217743165,81,19
20250901-20250930,1755246422,1698217743164,81,21
20250901-20250930,1755246422,1698217743166,81,21
20250901-20250930,1741762027,1698217738820,81,28
20250901-20250930,1751602642,1698217740558,80,27
20250901-20250930,1752566036,1698217741532,79,28
20250901-20250930,1752566036,1698217741530,79,28
20250901-20250930,1755248023,1698217743209,78,24
20250901-20250930,1755246422,1698217738845,77,8
20250901-20250930,1741762027,1698217738827,75,26
20250901-20250930,1741932733,1698217741660,75,29
20250901-20250930,1741932733,1698217740160,75,22
20250901-20250930,1756280066,1698217743609,74,27
20250901-20250930,1741932733,1698217738853,74,22
20250901-20250930,1752566036,1698217741555,74,24
20250901-20250930,1746793106,1698217739073,73,29
20250901-20250930,1741932733,1698217738863,73,26
20250901-20250930,1698202251,1698217736653,72,29
20250901-20250930,1756280066,1698217743594,72,28
20250901-20250930,1723801345,1698217738121,72,27
20250901-20250930,1713329090,1698217737586,72,25
20250901-20250930,1740973068,1698217738783,71,12
20250901-20250930,1747388774,1698217739142,70,28
20250901-20250930,1752566036,1698217741528,69,27
20250901-20250930,1746793106,1698217739072,68,26
20250901-20250930,1741932733,1698217743201,68,17
20250901-20250930,1698202251,1698217737753,67,27
20250901-20250930,1718444707,1698217740498,67,28
20250901-20250930,1741932733,1698217738852,67,24
20250901-20250930,1755248023,1698217743195,67,8
20250901-20250930,1741762027,1698217738828,66,29
20250901-20250930,1741932733,1698217743202,66,18
20250901-20250930,1740973068,1698217740158,66,11
20250901-20250930,1741932733,1698217743221,66,18
20250901-20250930,1698202662,1698217737526,64,26
20250901-20250930,1752566036,1698217741538,64,25
20250901-20250930,1713329090,1698217737776,63,24
20250901-20250930,1756280066,1698217743595,63,25
20250901-20250930,1718444707,1698217739191,63,23
20250901-20250930,1755248023,1698217743226,63,22
20250901-20250930,1698202251,1698217736226,62,27
20250901-20250930,1741932733,1698217743213,62,18
20250901-20250930,1755248023,1698217743223,62,18
20250901-20250930,1751632483,1698217741218,61,26
20250901-20250930,1756280066,1698217743589,61,27
20250901-20250930,1755246422,1698217743213,60,8
20250901-20250930,1741932733,1698217738846,60,25
20250901-20250930,1751632483,1698217741204,60,28
20250901-20250930,1755246422,1698217743178,60,19
20250901-20250930,1751632483,1698217741227,59,23
20250901-20250930,1750762420,1698217740195,59,14
20250901-20250930,1698202662,1698217741851,59,24
20250901-20250930,1741762027,1698217738819,59,24
20250901-20250930,1751632483,1698217741224,59,25
20250901-20250930,1749463700,1698217739265,58,26
20250901-20250930,1740973068,1698217738800,58,12
20250901-20250930,1740973068,1698217738781,58,11
20250901-20250930,1740973068,1698217740806,57,12
20250901-20250930,1751632483,1698217741228,56,25
20250901-20250930,1751632483,1698217741232,56,20
20250901-20250930,1741932733,1698217738861,56,25
20250901-20250930,1741762027,1698217744707,55,2
20250901-20250930,1746793106,1698217739464,55,26
20250901-20250930,1741932733,1698217740808,54,26
20250901-20250930,1741932733,1698217740910,54,23
20250901-20250930,1698202251,1698217736505,53,25
20250901-20250930,1753174385,1698217741789,53,21
20250901-20250930,1755246422,1698217743190,53,20
20250901-20250930,1752222840,1698217741454,53,20
20250901-20250930,1698202662,1698217736095,53,25
20250901-20250930,1741762027,1698217738822,53,28
20250901-20250930,1755248023,1698217743225,52,19
20250901-20250930,1698203058,1698217744659,52,2
20250901-20250930,1755248023,1698217743227,52,21
20250901-20250930,1749463700,1698217739273,51,30
20250901-20250930,1741932733,1698217738857,51,22
20250901-20250930,1713329090,1698217736881,51,23
20250901-20250930,1741932733,1698217738865,51,23
20250901-20250930,1755248023,1698217743237,51,22
20250901-20250930,1741932733,1698217743209,50,16
20250901-20250930,1755248023,1698217743215,50,22
20250901-20250930,1755246422,1698217743176,50,19
20250901-20250930,1754281426,1698217743037,50,22
20250901-20250930,1755246422,1698217743193,49,18
20250901-20250930,1723801345,1698217738115,49,25
20250901-20250930,1755246422,1698217743217,49,7
20250901-20250930,1752222840,1698217741466,49,24
20250901-20250930,1755248023,1698217743238,49,19
20250901-20250930,1741932733,1698217743241,49,16
20250901-20250930,1750762420,1698217740201,49,26
20250901-20250930,1750762420,1698217740210,49,23
20250901-20250930,1755246422,1698217743231,49,9
20250901-20250930,1741762027,1698217738812,49,23
20250901-20250930,1719571148,1698217737823,49,20
20250901-20250930,1754281426,1698217743051,49,23
20250901-20250930,1741932733,1698217743163,49,8
20250901-20250930,1755246422,1698217738841,48,8
20250901-20250930,1742289481,1698217738981,48,26
20250901-20250930,1755248023,1698217738862,48,16
20250901-20250930,1741932733,1698217743217,48,15
20250901-20250930,1754281426,1698217743047,47,20
20250901-20250930,1755246422,1698217743194,47,18
20250901-20250930,1751632483,1698217741211,46,23
20250901-20250930,1741762027,1698217738821,46,24
20250901-20250930,1751256811,1698217741375,45,23
20250901-20250930,1757738096,1698217743601,45,14
20250901-20250930,1718444707,1698217741322,45,19
20250901-20250930,1716179958,1698217741637,45,23
20250901-20250930,1741762027,1698217738826,45,25
20250901-20250930,1755246422,1698217743226,45,9
20250901-20250930,1719571148,1698217737802,45,21
20250901-20250930,1752566036,1698217741556,45,23
20250901-20250930,1752222840,1698217741467,45,23
20250901-20250930,1757302420,1698217743906,44,16
20250901-20250930,1755246422,1698217738866,44,7
20250901-20250930,1741932733,1698217743233,44,17
20250901-20250930,1719571148,1698217737810,44,23
20250901-20250930,1719571148,1698217737797,44,23
20250901-20250930,1751632483,1698217741214,43,21
20250901-20250930,1751632483,1698217741209,43,23
20250901-20250930,1741932733,1698217743224,43,15
20250901-20250930,1755248023,1698217743233,43,19
20250901-20250930,1755246422,1698217738849,42,8
20250901-20250930,1756280066,1698217743588,42,19
20250901-20250930,1723801345,1698217738123,42,28
20250901-20250930,1755248023,1698217743210,42,21
20250901-20250930,1750762420,1698217740211,41,20
20250901-20250930,1740973068,1698217738796,41,12
20250901-20250930,1751632483,1698217741222,41,19
20250901-20250930,1723801345,1698217738111,41,23
20250901-20250930,1755248023,1698217743208,41,20
20250901-20250930,1741932733,1698217738858,41,20
20250901-20250930,1754281426,1698217743041,41,21
20250901-20250930,1741932733,1698217743159,40,7
20250901-20250930,1755246422,1698217743161,40,19
20250901-20250930,1755248023,1698217743220,40,18
20250901-20250930,1753174385,1698217741780,40,20
20250901-20250930,1757302420,1698217743927,40,21
20250901-20250930,1755246422,1698217743201,40,9
20250901-20250930,1747388774,1698217739129,40,20
20250901-20250930,1698203058,1698217736027,40,21
20250901-20250930,1752566036,1698217741534,39,21
20250901-20250930,1755246422,1698217741340,39,8
20250901-20250930,1755246422,1698217743215,39,8
20250901-20250930,1740973068,1698217738773,39,11
20250901-20250930,1754281426,1698217743044,39,21
20250901-20250930,1755246422,1698217743241,39,8
20250901-20250930,1698202662,1698217736654,39,23
20250901-20250930,1741932733,1698217743231,39,13
20250901-20250930,1741762027,1698217738813,39,22
20250901-20250930,1756280066,1698217743602,38,21
20250901-20250930,1698202662,1698217736098,38,23
20250901-20250930,1752566036,1698217741533,38,23
20250901-20250930,1740973068,1698217741338,37,10
20250901-20250930,1750649868,1698217741366,37,30
20250901-20250930,1755248023,1698217743202,37,19
20250901-20250930,1751615057,1698217741384,37,23
20250901-20250930,1750762420,1698217740196,37,21
20250901-20250930,1749463700,1698217739288,37,20
20250901-20250930,1741932733,1698217743184,37,7
20250901-20250930,1718444707,1698217737741,36,29
20250901-20250930,1698202251,1698217736239,36,26
20250901-20250930,1740973068,1698217740908,36,12
20250901-20250930,1698202662,1698217736818,36,17
20250901-20250930,1698202251,1698217736305,36,22
20250901-20250930,1751632483,1698217741213,36,19
20250901-20250930,1698202251,1698217741286,36,23
20250901-20250930,1755248023,1698217738869,36,16
20250901-20250930,1741762027,1698217738835,35,17
20250901-20250930,1751632483,1698217741225,35,20
20250901-20250930,1755246422,1698217743240,35,9
20250901-20250930,1741932733,1698217743169,35,8
20250901-20250930,1750662197,1698217741370,35,29
20250901-20250930,1740973068,1698217739207,35,11
20250901-20250930,1755248023,1698217743180,34,7
20250901-20250930,1747388774,1698217739135,34,20
20250901-20250930,1752206048,1698217741421,34,12
20250901-20250930,1698202662,1698217737754,34,20
20250901-20250930,1751613789,1698217741382,33,21
20250901-20250930,1750762420,1698217740203,33,20
20250901-20250930,1750762420,1698217740200,33,11
20250901-20250930,1752222840,1698217741461,33,15
20250901-20250930,1741932733,1698217738843,33,21
20250901-20250930,1757302420,1698217743902,32,17
20250901-20250930,1740973068,1698217738785,32,12
20250901-20250930,1723801345,1698217738119,32,19
20250901-20250930,1751615284,1698217741386,32,20
20250901-20250930,1755246422,1698217743202,31,8
20250901-20250930,1755246422,1698217743221,31,7
20250901-20250930,1741932733,1698217743242,31,13
20250901-20250930,1741932733,1698217743240,31,16
20250901-20250930,1755246422,1698217743233,31,8
20250901-20250930,1753174385,1698217741796,31,16
20250901-20250930,1751632483,1698217741208,31,20
20250901-20250930,1755246422,1698217743225,30,9
20250901-20250930,1749463700,1698217739264,30,24
20250901-20250930,1750413710,1698217739493,30,7
20250901-20250930,1751632483,1698217741215,30,16
20250901-20250930,1757738096,1698217743572,30,10
20250901-20250930,1755246422,1698217743175,29,15
20250901-20250930,1698202662,1698217737564,29,18
20250901-20250930,1749463700,1698217739267,29,16
20250901-20250930,1740973068,1698217738786,29,11
20250901-20250930,1755248023,1698217738849,29,14
20250901-20250930,1752566036,1698217741529,29,19
20250901-20250930,1752222840,1698217741458,29,16
20250901-20250930,1698202662,1698217736272,29,16
20250901-20250930,1713329090,1698217736882,28,20
20250901-20250930,1755246422,1698217743224,28,8
20250901-20250930,1750762420,1698217740209,28,18
20250901-20250930,1751632483,1698217741221,28,19
20250901-20250930,1750762420,1698217740208,28,19
20250901-20250930,1752206048,1698217741412,28,12
20250901-20250930,1741932733,1698217743210,28,17
20250901-20250930,1755248023,1698217743169,28,8
20250901-20250930,1742289481,1698217738986,28,17
20250901-20250930,1698202251,1698217736113,28,18
20250901-20250930,1754281426,1698217743029,28,18
20250901-20250930,1741932733,1698217743226,27,14
20250901-20250930,1751632483,1698217742907,27,18
20250901-20250930,1723801345,1698217738124,27,18
20250901-20250930,1718444707,1698217738244,27,20
20250901-20250930,1757302420,1698217743926,27,18
20250901-20250930,1741932733,1698217743167,27,8
20250901-20250930,1755248023,1698217738851,27,14
20250901-20250930,1741932733,1698217743192,27,8
20250901-20250930,1698203058,1698217736030,26,19
20250901-20250930,1755246422,1698217743223,26,8
20250901-20250930,1741932733,1698217743215,26,13
20250901-20250930,1713329090,1698217736895,26,17
20250901-20250930,1741932733,1698217743208,26,16
20250901-20250930,1755248023,1698217738845,26,13
20250901-20250930,1751613252,1698217741381,26,21
20250901-20250930,1698202662,1698217741287,26,19
20250901-20250930,1757738096,1698217743610,26,11
20250901-20250930,1741932733,1698217743165,26,6
20250901-20250930,1741932733,1698217743177,25,7
20250901-20250930,1719571148,1698217737822,25,11
20250901-20250930,1752566036,1698217741547,25,18
20250901-20250930,1750649540,1698217741364,25,21
20250901-20250930,1755246422,1698217743208,25,8
20250901-20250930,1757302420,1698217743942,25,16
20250901-20250930,1741762027,1698217738818,25,15
20250901-20250930,1755248023,1698217743170,25,6
20250901-20250930,1741932733,1698217743225,25,13
20250901-20250930,1698202251,1698217741850,24,14
20250901-20250930,1741932733,1698217743234,24,12
20250901-20250930,1757387300,1698217743962,24,2
20250901-20250930,1713329090,1698217736885,24,19
20250901-20250930,1740973068,1698217738793,24,9
20250901-20250930,1757302420,1698217743900,24,19
20250901-20250930,1750762420,1698217740205,24,17
20250901-20250930,1740973068,1698217738797,24,9
20250901-20250930,1755246422,1698217743227,24,8
20250901-20250930,1755246422,1698217738859,24,8
20250901-20250930,1749463700,1698217739257,23,13
20250901-20250930,1742289481,1698217738985,23,17
20250901-20250930,1755246422,1698217738839,23,7
20250901-20250930,1757387300,1698217743956,23,2
20250901-20250930,1750762420,1698217740192,23,15
20250901-20250930,1755246422,1698217743236,23,8
20250901-20250930,1750762420,1698217740213,23,15
20250901-20250930,1755246422,1698217738851,23,7
20250901-20250930,1746793106,1698217739076,23,12
20250901-20250930,1757302420,1698217743925,22,15
20250901-20250930,1752566036,1698217741536,22,14
20250901-20250930,1746793106,1698217739069,22,16
20250901-20250930,1755248023,1698217743205,22,15
20250901-20250930,1750413710,1698217739500,22,7
20250901-20250930,1746793106,1698217740522,22,19
20250901-20250930,1755248023,1698217743234,21,15
20250901-20250930,1740973068,1698217738778,21,11
20250901-20250930,1753174385,1698217741766,21,16
20250901-20250930,1753174385,1698217741788,21,14
20250901-20250930,1741932733,1698217743223,21,11
20250901-20250930,1740973068,1698217738789,21,10
20250901-20250930,1698202662,1698217736227,21,14
20250901-20250930,1751632483,1698217741216,21,16
20250901-20250930,1723801345,1698217738126,21,15
20250901-20250930,1698202662,1698217736506,20,15
20250901-20250930,1755246422,1698217743209,20,6
20250901-20250930,1757302420,1698217743931,20,15
20250901-20250930,1719571148,1698217737807,20,10
20250901-20250930,1751615160,1698217741385,20,18
20250901-20250930,1755248023,1698217741904,20,13
20250901-20250930,1740973068,1698217738787,20,9
20250901-20250930,1740973068,1698217738779,20,8
20250901-20250930,1755248023,1698217743187,20,7
20250901-20250930,1741932733,1698217743214,19,12
20250901-20250930,1746793106,1698217739075,19,11
20250901-20250930,1747388774,1698217739123,19,12
20250901-20250930,1747388774,1698217739143,19,17
20250901-20250930,1741932733,1698217743157,19,7
20250901-20250930,1755246422,1698217738855,19,9
20250901-20250930,1698202662,1698217741607,19,16
20250901-20250930,1752206048,1698217741419,19,9
20250901-20250930,1750649209,1698217741363,19,13
20250901-20250930,1698202251,1698217736104,19,17
20250901-20250930,1698202251,1698217739155,19,16
20250901-20250930,1713329090,1698217736873,19,14
20250901-20250930,1749463700,1698217739272,18,15
20250901-20250930,1698202662,1698217743753,18,15
20250901-20250930,1755248023,1698217743222,18,16
20250901-20250930,1755246422,1698217743210,18,7
20250901-20250930,1698202662,1698217736486,18,11
20250901-20250930,1740973068,1698217738780,18,11
20250901-20250930,1750413710,1698217740174,18,8
20250901-20250930,1719571148,1698217737808,18,13
20250901-20250930,1751612625,1698217741379,18,15
20250901-20250930,1740973068,1698217738790,18,9
20250901-20250930,1750413710,1698217739499,18,7
20250901-20250930,1755248023,1698217743167,18,6
20250901-20250930,1751615402,1698217741387,17,17
20250901-20250930,1751632483,1698217741207,17,12
20250901-20250930,1741932733,1698217743238,17,10
20250901-20250930,1698202251,1698217741606,17,13
20250901-20250930,1755248023,1698217739209,17,11
20250901-20250930,1741932733,1698217743198,17,7
20250901-20250930,1753174385,1698217741785,17,13
20250901-20250930,1741932733,1698217743180,17,7
20250901-20250930,1755248023,1698217743197,17,7
20250901-20250930,1753174385,1698217741778,17,13
20250901-20250930,1750762420,1698217740222,16,11
20250901-20250930,1723801345,1698217738114,16,13
20250901-20250930,1719571148,1698217737805,16,13
20250901-20250930,1742289481,1698217738978,16,11
20250901-20250930,1755246422,1698217738869,16,7
20250901-20250930,1752206048,1698217741431,16,11
20250901-20250930,1698202662,1698217736099,16,11
20250901-20250930,1757738096,1698217743578,16,12
20250901-20250930,1741932733,1698217738860,16,12
20250901-20250930,1755248023,1698217738866,16,13
20250901-20250930,1751632483,1698217741226,16,12
20250901-20250930,1747388774,1698217739131,16,9
20250901-20250930,1747388774,1698217739125,16,13
20250901-20250930,1755246422,1698217738864,16,6
20250901-20250930,1698202251,1698217743752,16,14
20250901-20250930,1755246422,1698217741904,16,4
20250901-20250930,1755246422,1698217741660,15,5
20250901-20250930,1718444707,1698217740142,15,11
20250901-20250930,1750649540,1698217739852,15,15
20250901-20250930,1757302420,1698217743904,15,11
20250901-20250930,1753174385,1698217741783,15,13
20250901-20250930,1741762027,1698217738808,15,12
20250901-20250930,1755248023,1698217743163,15,6
20250901-20250930,1751632483,1698217741217,15,12
20250901-20250930,1742289481,1698217739003,14,12
20250901-20250930,1753174385,1698217741770,14,10
20250901-20250930,1752566036,1698217741535,14,9
20250901-20250930,1752222840,1698217741468,14,10
20250901-20250930,1755246422,1698217743214,14,5
20250901-20250930,1698202251,1698217742804,14,12
20250901-20250930,1698202662,1698217740755,14,11
20250901-20250930,1750762420,1698217740199,14,11
20250901-20250930,1698202662,1698217736306,14,13
20250901-20250930,1752206048,1698217741420,14,9
20250901-20250930,1747388774,1698217739147,14,12
20250901-20250930,1753174385,1698217741762,14,8
20250901-20250930,1755246422,1698217738861,14,7
20250901-20250930,1747388774,1698217739136,14,13
20250901-20250930,1698202662,1698217740857,13,11
20250901-20250930,1698202251,1698217736112,13,11
20250901-20250930,1755248023,1698217738852,13,10
20250901-20250930,1755246422,1698217743205,13,6
20250901-20250930,1741932733,1698217743187,13,5
20250901-20250930,1747388774,1698217739138,13,12
20250901-20250930,1698202662,1698217739156,13,13
20250901-20250930,1719571148,1698217739192,13,4
20250901-20250930,1753174385,1698217741768,13,10
20250901-20250930,1755246422,1698217743220,13,5
20250901-20250930,1755248023,1698217738841,13,8
20250901-20250930,1750413710,1698217739475,13,6
20250901-20250930,1751632483,1698217741219,13,10
20250901-20250930,1755246422,1698217743222,13,7
20250901-20250930,1740973068,1698217738801,13,7
20250901-20250930,1741932733,1698217743189,13,7
20250901-20250930,1750413710,1698217739477,13,7
20250901-20250930,1752566036,1698217741546,13,10
20250901-20250930,1741932733,1698217743219,13,10
20250901-20250930,1749463700,1698217739269,12,10
20250901-20250930,1747388774,1698217739117,12,8
20250901-20250930,1755246422,1698217738863,12,5
20250901-20250930,1746793106,1698217739070,12,11
20250901-20250930,1755248023,1698217743219,12,11
20250901-20250930,1741932733,1698217743158,12,6
20250901-20250930,1755246422,1698217743234,12,7
20250901-20250930,1741932733,1698217743173,12,5
20250901-20250930,1741932733,1698217743227,12,8
20250901-20250930,1751256811,1698217740351,12,10
20250901-20250930,1741932733,1698217743237,12,7
20250901-20250930,1750413710,1698217739479,12,8
20250901-20250930,1740973068,1698217738794,12,6
20250901-20250930,1719571148,1698217740143,11,7
20250901-20250930,1718444707,1698217743788,11,7
20250901-20250930,1698202662,1698217736096,11,9
20250901-20250930,1741932733,1698217743197,11,6
20250901-20250930,1698202662,1698217736240,11,6
20250901-20250930,1752206048,1698217741425,11,7
20250901-20250930,1752206048,1698217741416,11,9
20250901-20250930,1749627491,1698217741352,11,8
20250901-20250930,1741932733,1698217743181,11,7
20250901-20250930,1747388774,1698217739127,11,7
20250901-20250930,1755246422,1698217739458,11,7
20250901-20250930,1757302420,1698217743910,11,8
20250901-20250930,1741932733,1698217743166,11,7
20250901-20250930,1757302420,1698217743921,11,6
20250901-20250930,1718444707,1698217737717,10,8
20250901-20250930,1749463700,1698217739286,10,9
20250901-20250930,1757738096,1698217743599,10,8
20250901-20250930,1755246422,1698217738846,10,6
20250901-20250930,1750413710,1698217739498,10,6
20250901-20250930,1757738096,1698217743581,10,7
20250901-20250930,1753174385,1698217741772,10,10
20250901-20250930,1698202662,1698217742805,10,9
20250901-20250930,1755248023,1698217743184,10,6
20250901-20250930,1755248023,1698217743196,10,5
20250901-20250930,1749463700,1698217739259,10,8
20250901-20250930,1752206048,1698217741394,10,9
20250901-20250930,1719571148,1698217740791,10,6
20250901-20250930,1746793106,1698217741666,10,8
20250901-20250930,1755248023,1698217743188,9,6
20250901-20250930,1741932733,1698217743205,9,7
20250901-20250930,1757738096,1698217743582,9,7
20250901-20250930,1750762420,1698217740193,9,7
20250901-20250930,1749463700,1698217739256,9,8
20250901-20250930,1719571148,1698217737809,9,4
20250901-20250930,1752222840,1698217742910,9,6
20250901-20250930,1753174385,1698217741781,9,6
20250901-20250930,1753174385,1698217741771,9,7
20250901-20250930,1741932733,1698217743222,9,8
20250901-20250930,1746793106,1698217739051,9,6
20250901-20250930,1749463700,1698217739260,9,7
20250901-20250930,1719571148,1698217737819,9,8
20250901-20250930,1741932733,1698217743190,9,5
20250901-20250930,1751255752,1698217740300,9,9
20250901-20250930,1755246422,1698217738847,9,5
20250901-20250930,1752206048,1698217741426,9,7
20250901-20250930,1719571148,1698217737821,9,7
20250901-20250930,1757738096,1698217743576,9,6
20250901-20250930,1752206048,1698217741398,9,6
20250901-20250930,1740973068,1698217738784,9,6
20250901-20250930,1752222840,1698217741471,9,8
20250901-20250930,1750762420,1698217740215,9,9
20250901-20250930,1749463700,1698217739275,9,7
20250901-20250930,1757738096,1698217743596,9,7
20250901-20250930,1755248023,1698217738847,9,8
20250901-20250930,1698202662,1698217744490,9,5
20250901-20250930,1741932733,1698217743194,9,6
20250901-20250930,1755248023,1698217743173,9,6
20250901-20250930,1757738096,1698217743600,9,6
20250901-20250930,1751256811,1698217740356,9,6
20250901-20250930,1713329090,1698217736874,9,8
20250901-20250930,1751615500,1698217741388,9,9
20250901-20250930,1740973068,1698217738782,9,6
20250901-20250930,1741932733,1698217743164,8,6
20250901-20250930,1757387300,1698217743973,8,1
20250901-20250930,1752222840,1698217741448,8,8
20250901-20250930,1755246422,1698217740808,8,5
20250901-20250930,1718444707,1698217737742,8,8
20250901-20250930,1753174385,1698217741787,8,8
20250901-20250930,1723801345,1698217738113,8,6
20250901-20250930,1751256811,1698217740354,8,6
20250901-20250930,1698202251,1698217736817,8,7
20250901-20250930,1755246422,1698217738853,8,6
20250901-20250930,1718444707,1698217740790,8,8
20250901-20250930,1753174385,1698217741793,8,7
20250901-20250930,1746793106,1698217741346,8,8
20250901-20250930,1719571148,1698217737814,8,7
20250901-20250930,1750650330,1698217741368,8,8
20250901-20250930,1741932733,1698217743183,8,7
20250901-20250930,1718444707,1698217737728,8,7
20250901-20250930,1757302420,1698217743909,8,7
20250901-20250930,1719571148,1698217737816,8,7
20250901-20250930,1741762027,1698217738806,8,7
20250901-20250930,1755246422,1698217738848,8,4
20250901-20250930,1740973068,1698217738788,8,6
20250901-20250930,1751613072,1698217741380,8,8
20250901-20250930,1741932733,1698217743220,7,5
20250901-20250930,1752566036,1698217741537,7,5
20250901-20250930,1747388774,1698217739133,7,6
20250901-20250930,1751613789,1698217740718,7,7
20250901-20250930,1757387300,1698217743960,7,1
20250901-20250930,1719571148,1698217737818,7,6
20250901-20250930,1698202251,1698217740856,7,6
20250901-20250930,1752206048,1698217741417,7,6
20250901-20250930,1755248023,1698217738855,7,7
20250901-20250930,1750413710,1698217739505,7,4
20250901-20250930,1751613789,1698217740721,7,6
20250901-20250930,1749463700,1698217739274,7,6
20250901-20250930,1753174385,1698217741760,7,6
20250901-20250930,1751256811,1698217740372,7,7
20250901-20250930,1755248023,1698217743159,7,4
20250901-20250930,1747388774,1698217739130,7,5
20250901-20250930,1757738096,1698217743597,7,7
20250901-20250930,1755246422,1698217738860,7,4
20250901-20250930,1740973068,1698217738774,7,6
20250901-20250930,1751255752,1698217740270,7,7
20250901-20250930,1755246422,1698217743238,7,5
20250901-20250930,1741932733,1698217743182,7,5
20250901-20250930,1752206048,1698217741428,7,7
20250901-20250930,1757738096,1698217743584,7,5
20250901-20250930,1713329090,1698217736876,7,6
20250901-20250930,1747388774,1698217739217,7,7
20250901-20250930,1755246422,1698217740516,7,3
20250901-20250930,1752206048,1698217741400,7,7
20250901-20250930,1752206048,1698217741424,7,7
20250901-20250930,1740973068,1698217738771,7,6
20250901-20250930,1735282015,1698217738725,7,5
20250901-20250930,1718444707,1698217737731,6,6
20250901-20250930,1698202251,1698217740754,6,5
20250901-20250930,1741932733,1698217743179,6,6
20250901-20250930,1698202251,1698217736362,6,5
20250901-20250930,1741932733,1698217743175,6,4
20250901-20250930,1749463700,1698217739277,6,5
20250901-20250930,1752206048,1698217741405,6,6
20250901-20250930,1755246422,1698217738865,6,4
20250901-20250930,1751613789,1698217740743,6,6
20250901-20250930,1753174385,1698217741769,6,6
20250901-20250930,1740973068,1698217738792,6,4
20250901-20250930,1753174385,1698217741763,6,5
20250901-20250930,1753174385,1698217741790,6,5
20250901-20250930,1742289481,1698217738977,6,6
20250901-20250930,1747388774,1698217739139,6,5
20250901-20250930,1751256811,1698217740346,6,6
20250901-20250930,1749627491,1698217739334,6,6
20250901-20250930,1723801345,1698217738112,6,6
20250901-20250930,1751256811,1698217740352,6,6
20250901-20250930,1752206048,1698217741402,6,5
20250901-20250930,1757738096,1698217743590,6,5
20250901-20250930,1755246422,1698217743237,6,5
20250901-20250930,1752206048,1698217741410,6,5
20250901-20250930,1740973068,1698217738775,6,4
20250901-20250930,1718444707,1698217740892,6,6
20250901-20250930,1751256811,1698217740358,6,6
20250901-20250930,1751615284,1698217741107,6,6
20250901-20250930,1755246422,1698217740160,6,5
20250901-20250930,1751613252,1698217740678,6,6
20250901-20250930,1757302420,1698217743911,6,6
20250901-20250930,1752566036,1698217742912,6,5
20250901-20250930,1752206048,1698217741401,6,5
20250901-20250930,1755246422,1698217743219,6,5
20250901-20250930,1723801345,1698217738116,6,6
20250901-20250930,1741932733,1698217743193,6,4
20250901-20250930,1750649540,1698217743830,5,5
20250901-20250930,1751256811,1698217740350,5,4
20250901-20250930,1741932733,1698217743196,5,3
20250901-20250930,1755248023,1698217743172,5,4
20250901-20250930,1755248023,1698217738859,5,5
20250901-20250930,1757387300,1698217743967,5,1
20250901-20250930,1741932733,1698217743171,5,3
20250901-20250930,1751613252,1698217740701,5,4
20250901-20250930,1718444707,1698217737737,5,5
20250901-20250930,1755246422,1698217738840,5,3
20250901-20250930,1753174385,1698217741773,5,5
20250901-20250930,1718444707,1698217744525,5,4
20250901-20250930,1753174385,1698217741792,5,4
20250901-20250930,1723801345,1698217738118,5,4
20250901-20250930,1740973068,1698217738772,5,5
20250901-20250930,1752206048,1698217741429,5,4
20250901-20250930,1751632483,1698217741230,5,4
20250901-20250930,1753174385,1698217741761,5,4
20250901-20250930,1747388774,1698217739126,5,5
20250901-20250930,1719571148,1698217737799,5,4
20250901-20250930,1751613789,1698217740723,5,5
20250901-20250930,1753174385,1698217741782,5,5
20250901-20250930,1751256811,1698217740373,5,4
20250901-20250930,1742289481,1698217738982,5,5
20250901-20250930,1757738096,1698217743592,5,4
20250901-20250930,1718444707,1698217737739,5,5
20250901-20250930,1757302420,1698217743918,5,4
20250901-20250930,1753174385,1698217741784,5,5
20250901-20250930,1746793106,1698217739064,5,4
20250901-20250930,1752206048,1698217741409,5,4
20250901-20250930,1755248023,1698217741660,5,4
20250901-20250930,1751613789,1698217740727,5,5
20250901-20250930,1757387300,1698217743974,5,1
20250901-20250930,1719571148,1698217737825,5,3
20250901-20250930,1750647418,1698217739613,5,5
20250901-20250930,1750650532,1698217740040,5,4
20250901-20250930,1755248023,1698217738863,5,4
20250901-20250930,1753174385,1698217741786,5,5
20250901-20250930,1752206048,1698217741430,5,4
20250901-20250930,1757738096,1698217743598,5,4
20250901-20250930,1751615057,1698217741025,5,4
20250901-20250930,1719571148,1698217737803,4,3
20250901-20250930,1755246422,1698217738857,4,4
20250901-20250930,1752206048,1698217741407,4,4
20250901-20250930,1750648580,1698217739761,4,3
20250901-20250930,1757738096,1698217743586,4,4
20250901-20250930,1746793106,1698217740814,4,3
20250901-20250930,1755248023,1698217743179,4,4
20250901-20250930,1755248023,1698217738846,4,3
20250901-20250930,1718444707,1698217737744,4,3
20250901-20250930,1751256811,1698217740374,4,4
20250901-20250930,1753174385,1698217741774,4,4
20250901-20250930,1750647705,1698217739649,4,4
20250901-20250930,1723801345,1698217738108,4,4
20250901-20250930,1751612625,1698217740596,4,4
20250901-20250930,1753174385,1698217742915,4,4
20250901-20250930,1755246422,1698217738852,4,3
20250901-20250930,1752206048,1698217741403,4,4
20250901-20250930,1757738096,1698217743585,4,4
20250901-20250930,1755248023,1698217743192,4,3
20250901-20250930,1752206048,1698217741404,4,4
20250901-20250930,1752747448,1698217741717,4,3
20250901-20250930,1750647002,1698217739576,4,3
20250901-20250930,1753174385,1698217741776,4,3
20250901-20250930,1757387300,1698217743985,4,1
20250901-20250930,1757302420,1698217743912,4,3
20250901-20250930,1755248023,1698217738854,4,4
20250901-20250930,1750413710,1698217739483,4,3
20250901-20250930,1750413710,1698217739485,4,4
20250901-20250930,1750647705,1698217739631,4,4
20250901-20250930,1750647418,1698217741357,4,4
20250901-20250930,1751613789,1698217740739,4,4
20250901-20250930,1716179958,1698217738013,4,3
20250901-20250930,1750413710,1698217739489,4,3
20250901-20250930,1751256811,1698217740364,4,4
20250901-20250930,1746793106,1698217739055,4,3
20250901-20250930,1698202251,1698217744489,4,2
20250901-20250930,1752206048,1698217741408,4,3
20250901-20250930,1752206048,1698217741392,4,3
20250901-20250930,1751615057,1698217741007,4,4
20250901-20250930,1750649540,1698217739870,4,4
20250901-20250930,1750647705,1698217739650,4,4
20250901-20250930,1752206048,1698217741396,4,4
20250901-20250930,1752206048,1698217741414,4,4
20250901-20250930,1746793106,1698217739215,4,4
20250901-20250930,1755248023,1698217743164,4,3
20250901-20250930,1698202662,1698217744655,4,1
20250901-20250930,1752206048,1698217741406,4,4
20250901-20250930,1750650532,1698217740038,4,4
20250901-20250930,1750649540,1698217739850,4,4
20250901-20250930,1755248023,1698217740516,4,4
20250901-20250930,1757738096,1698217743579,4,4
20250901-20250930,1755248023,1698217743181,4,4
20250901-20250930,1750647418,1698217739612,4,4
20250901-20250930,1741932733,1698217743178,4,3
20250901-20250930,1755248023,1698217743194,4,3
20250901-20250930,1747388774,1698217739119,4,4
20250901-20250930,1746793106,1698217739061,4,3
20250901-20250930,1698202251,1698217744654,4,2
20250901-20250930,1750413710,1698217740530,4,3
20250901-20250930,1718444707,1698217737726,4,4
20250901-20250930,1753174385,1698217741777,3,3
20250901-20250930,1757738096,1698217743575,3,3
20250901-20250930,1752747448,1698217742914,3,3
20250901-20250930,1746793106,1698217739074,3,3
20250901-20250930,1757302420,1698217743915,3,3
20250901-20250930,1751613252,1698217740699,3,3
20250901-20250930,1751256811,1698217740344,3,3
20250901-20250930,1750649209,1698217739812,3,3
20250901-20250930,1751255752,1698217740297,3,3
20250901-20250930,1742289481,1698217738983,3,3
20250901-20250930,1754913084,1698217743140,3,2
20250901-20250930,1751613252,1698217740684,3,3
20250901-20250930,1751255752,1698217740278,3,3
20250901-20250930,1747388774,1698217739124,3,2
20250901-20250930,1751256811,1698217740371,3,3
20250901-20250930,1753698976,1698217742721,3,2
20250901-20250930,1757387300,1698217743965,3,1
20250901-20250930,1757387300,1698217743984,3,1
20250901-20250930,1757387300,1698217743983,3,1
20250901-20250930,1742289481,1698217738988,3,3
20250901-20250930,1753174385,1698217741779,3,3
20250901-20250930,1753698976,1698217742740,3,2
20250901-20250930,1752747448,1698217741720,3,3
20250901-20250930,1751615057,1698217741023,3,3
20250901-20250930,1698202662,1698217736087,3,2
20250901-20250930,1718444707,1698217737722,3,3
20250901-20250930,1750648058,1698217739686,3,3
20250901-20250930,1757387300,1698217743978,3,1
20250901-20250930,1750649868,1698217739919,3,3
20250901-20250930,1751615160,1698217741046,3,3
20250901-20250930,1752222840,1698217741472,3,3
20250901-20250930,1750649209,1698217739816,3,3
20250901-20250930,1755248023,1698217743183,3,2
20250901-20250930,1750649540,1698217739853,3,3
20250901-20250930,1752747448,1698217741719,3,3
20250901-20250930,1718444707,1698217737730,3,3
20250901-20250930,1757387300,1698217743968,3,1
20250901-20250930,1749627491,1698217739357,3,3
20250901-20250930,1757387300,1698217743972,3,1
20250901-20250930,1742280059,1698217741343,3,3
20250901-20250930,1718444707,1698217737732,3,3
20250901-20250930,1753698976,1698217742736,3,2
20250901-20250930,1752747448,1698217741734,3,2
20250901-20250930,1757387300,1698217743981,3,1
20250901-20250930,1746793106,1698217739063,3,3
20250901-20250930,1746793106,1698217739062,3,3
20250901-20250930,1757387300,1698217743975,3,1
20250901-20250930,1749627491,1698217739336,3,3
20250901-20250930,1718444707,1698217741886,3,3
20250901-20250930,1750649540,1698217739855,3,3
20250901-20250930,1742280059,1698217739461,3,2
20250901-20250930,1718444707,1698217737725,3,3
20250901-20250930,1753174385,1698217741767,3,3
20250901-20250930,1757387300,1698217743986,3,1
20250901-20250930,1753174385,1698217741794,3,3
20250901-20250930,1749627491,1698217739338,3,3
20250901-20250930,1750413710,1698217739488,3,3
20250901-20250930,1752222840,1698217741956,3,2
20250901-20250930,1755246422,1698217740910,3,3
20250901-20250930,1757738096,1698217743573,3,3
20250901-20250930,1755248023,1698217743165,3,2
20250901-20250930,1749627491,1698217739340,3,3
20250901-20250930,1750649540,1698217739849,3,3
20250901-20250930,1755248023,1698217739458,3,2
20250901-20250930,1750662197,1698217740071,3,3
20250901-20250930,1755248023,1698217743178,3,2
20250901-20250930,1750650532,1698217741369,3,3
20250901-20250930,1747388774,1698217739128,3,3
20250901-20250930,1757387300,1698217743946,3,1
20250901-20250930,1750649868,1698217739927,3,3
20250901-20250930,1750413710,1698217739495,3,3
20250901-20250930,1757387300,1698217743969,3,1
20250901-20250930,1755246422,1698217738843,3,3
20250901-20250930,1742289481,1698217738996,3,3
20250901-20250930,1718444707,1698217737729,3,3
20250901-20250930,1741932733,1698217743170,3,3
20250901-20250930,1751613252,1698217740700,3,3
20250901-20250930,1749627491,1698217739353,3,3
20250901-20250930,1752747448,1698217741741,3,2
20250901-20250930,1750413710,1698217739496,3,3
20250901-20250930,1719571148,1698217737813,3,3
20250901-20250930,1750649209,1698217739834,3,3
20250901-20250930,1751613789,1698217740717,3,3
20250901-20250930,1751615057,1698217742902,2,2
20250901-20250930,1751256811,1698217740345,2,2
20250901-20250930,1742289481,1698217738997,2,2
20250901-20250930,1751613789,1698217740713,2,2
20250901-20250930,1751615160,1698217741063,2,2
20250901-20250930,1757387300,1698217743970,2,1
20250901-20250930,1757387300,1698217743955,2,1
20250901-20250930,1757738096,1698217743591,2,1
20250901-20250930,1750648580,1698217739738,2,2
20250901-20250930,1750647705,1698217739648,2,2
20250901-20250930,1750650532,1698217740061,2,2
20250901-20250930,1757302420,1698217743914,2,2
20250901-20250930,1750662197,1698217740093,2,1
20250901-20250930,1750648058,1698217741359,2,2
20250901-20250930,1750647418,1698217739596,2,2
20250901-20250930,1747388774,1698217739121,2,2
20250901-20250930,1751615160,1698217741069,2,2
20250901-20250930,1746793106,1698217739060,2,1
20250901-20250930,1751613789,1698217741702,2,2
20250901-20250930,1749627491,1698217739360,2,2
20250901-20250930,1742289481,1698217738995,2,2
20250901-20250930,1753698976,1698217742714,2,2
20250901-20250930,1750649720,1698217739886,2,2
20250901-20250930,1753698976,1698217742715,2,2
20250901-20250930,1757387300,1698217743961,2,1
20250901-20250930,1750646521,1698217739539,2,2
20250901-20250930,1751256811,1698217743841,2,2
20250901-20250930,1723801345,1698217738109,2,2
20250901-20250930,1742289481,1698217739001,2,2
20250901-20250930,1750649540,1698217744732,2,1
20250901-20250930,1750649720,1698217739908,2,2
20250901-20250930,1757387300,1698217743971,2,1
20250901-20250930,1751256811,1698217740365,2,2
20250901-20250930,1752206048,1698217741393,2,2
20250901-20250930,1751613252,1698217740691,2,2
20250901-20250930,1746793106,1698217739058,2,2
20250901-20250930,1757387300,1698217743982,2,1
20250901-20250930,1751613789,1698217740719,2,2
20250901-20250930,1719571148,1698217737796,2,2
20250901-20250930,1750647002,1698217739559,2,2
20250901-20250930,1752206048,1698217741418,2,2
20250901-20250930,1752747448,1698217741756,2,2
20250901-20250930,1751615284,1698217741102,2,2
20250901-20250930,1750650532,1698217740055,2,2
20250901-20250930,1753174385,1698217741775,2,2
20250901-20250930,1751615402,1698217741146,2,2
20250901-20250930,1753174385,1698217741764,2,2
20250901-20250930,1751613789,1698217740720,2,2
20250901-20250930,1751615057,1698217741005,2,2
20250901-20250930,1718444707,1698217737736,2,2
20250901-20250930,1755248023,1698217738853,2,2
20250901-20250930,1751615057,1698217741004,2,2
20250901-20250930,1757387300,1698217743951,2,1
20250901-20250930,1750647002,1698217739558,2,2
20250901-20250930,1741932733,1698217743161,2,2
20250901-20250930,1742289481,1698217739002,2,2
20250901-20250930,1750650532,1698217740035,2,2
20250901-20250930,1751613789,1698217743848,2,2
20250901-20250930,1749627491,1698217739343,2,2
20250901-20250930,1751612625,1698217740602,2,2
20250901-20250930,1741932733,1698217743176,2,2
20250901-20250930,1750650330,1698217740001,2,2
20250901-20250930,1750647705,1698217739633,2,2
20250901-20250930,1751613789,1698217744585,2,2
20250901-20250930,1719571148,1698217738019,2,2
20250901-20250930,1752747448,1698217741733,2,1
20250901-20250930,1750650330,1698217740019,2,2
20250901-20250930,1749627491,1698217739355,2,2
20250901-20250930,1750649540,1698217739871,2,2
20250901-20250930,1751615284,1698217744754,2,1
20250901-20250930,1749627491,1698217739351,2,2
20250901-20250930,1751255752,1698217740298,2,2
20250901-20250930,1757387300,1698217743953,2,1
20250901-20250930,1749627491,1698217739329,2,2
20250901-20250930,1750648580,1698217739759,2,2
20250901-20250930,1750647418,1698217739616,2,2
20250901-20250930,1751255752,1698217741373,2,2
20250901-20250930,1751613789,1698217740738,2,2
20250901-20250930,1752747448,1698217741738,2,1
20250901-20250930,1723801345,1698217738106,2,2
20250901-20250930,1751613789,1698217740734,2,2
20250901-20250930,1750647418,1698217739590,2,2
20250901-20250930,1751613252,1698217740696,2,2
20250901-20250930,1749627491,1698217739330,2,2
20250901-20250930,1755248023,1698217743177,2,2
20250901-20250930,1746793106,1698217740166,2,2
20250901-20250930,1749627491,1698217744720,2,1
20250901-20250930,1750647705,1698217739654,2,2
20250901-20250930,1752206048,1698217741422,2,2
20250901-20250930,1749627491,1698217739337,2,2
20250901-20250930,1750649209,1698217739835,2,2
20250901-20250930,1750649868,1698217739929,2,2
20250901-20250930,1752747448,1698217741740,2,1
20250901-20250930,1751615057,1698217741006,2,2
20250901-20250930,1750649868,1698217739930,2,2
20250901-20250930,1750650532,1698217740056,2,2
20250901-20250930,1751615057,1698217741018,2,1
20250901-20250930,1698202662,1698217736363,2,2
20250901-20250930,1755248023,1698217738865,2,2
20250901-20250930,1751256811,1698217740376,2,2
20250901-20250930,1751615057,1698217741015,2,2
20250901-20250930,1757738096,1698217743608,2,2
20250901-20250930,1755248023,1698217738839,2,2
20250901-20250930,1742289481,1698217738991,2,2
20250901-20250930,1750649720,1698217739892,2,2
20250901-20250930,1755246422,1698217738858,2,2
20250901-20250930,1757387300,1698217743957,2,1
20250901-20250930,1751612625,1698217740620,2,2
20250901-20250930,1751615500,1698217744756,2,1
20250901-20250930,1757738096,1698217743594,2,2
20250901-20250930,1751615402,1698217741138,2,2
20250901-20250930,1750649868,1698217739946,2,2
20250901-20250930,1757302420,1698217743919,2,2
20250901-20250930,1750662197,1698217740094,2,2
20250901-20250930,1751615160,1698217743851,2,2
20250901-20250930,1750649209,1698217744566,2,2
20250901-20250930,1755248023,1698217738858,2,2
20250901-20250930,1752747448,1698217741739,2,1
20250901-20250930,1754913084,1698217743152,2,2
20250901-20250930,1751256811,1698217740551,2,2
20250901-20250930,1754913084,1698217743127,2,2
20250901-20250930,1751612625,1698217740603,2,2
20250901-20250930,1750413710,1698217739482,2,2
20250901-20250930,1750647705,1698217739635,2,2
20250901-20250930,1750650168,1698217739961,2,2
20250901-20250930,1757738096,1698217743609,2,2
20250901-20250930,1749627491,1698217739354,2,2
20250901-20250930,1752747448,1698217743862,2,2
20250901-20250930,1742280059,1698217740163,2,2
20250901-20250930,1751613789,1698217740737,2,2
20250901-20250930,1750647002,1698217743822,2,2
20250901-20250930,1755248023,1698217740910,2,2
20250901-20250930,1742289481,1698217738999,2,2
20250901-20250930,1757738096,1698217743589,2,2
20250901-20250930,1751615057,1698217740997,2,2
20250901-20250930,1757387300,1698217743949,2,1
20250901-20250930,1757738096,1698217743613,2,2
20250901-20250930,1751255752,1698217740296,2,2
20250901-20250930,1751613789,1698217742900,2,1
20250901-20250930,1750648580,1698217741361,2,2
20250901-20250930,1719571148,1698217737795,2,1
20250901-20250930,1752747448,1698217741753,2,2
20250901-20250930,1757738096,1698217743583,2,2
20250901-20250930,1751613789,1698217740725,2,2
20250901-20250930,1752747448,1698217741750,2,2
20250901-20250930,1719571148,1698217740893,2,1
20250901-20250930,1755248023,1698217738848,2,2
20250901-20250930,1746793106,1698217740916,2,2
20250901-20250930,1750647002,1698217739557,2,2
20250901-20250930,1751613789,1698217744750,2,1
20250901-20250930,1752747448,1698217741718,2,2
20250901-20250930,1757387300,1698217743964,2,1
20250901-20250930,1757387300,1698217743977,2,1
20250901-20250930,1751256811,1698217740369,2,2
20250901-20250930,1746793106,1698217739059,2,2
20250901-20250930,1751615402,1698217741128,2,2
20250901-20250930,1752747448,1698217741746,2,2
20250901-20250930,1750650330,1698217739997,2,2
20250901-20250930,1751256811,1698217740355,2,2
20250901-20250930,1750648580,1698217739742,2,2
20250901-20250930,1750650532,1698217741933,2,2
20250901-20250930,1751256462,1698217740318,1,1
20250901-20250930,1750647418,1698217739591,1,1
20250901-20250930,1757302420,1698217743916,1,1
20250901-20250930,1750647418,1698217741921,1,1
20250901-20250930,1735282015,1698217738721,1,1
20250901-20250930,1750647705,1698217739627,1,1
20250901-20250930,1750649209,1698217739814,1,1
20250901-20250930,1751612625,1698217740624,1,1
20250901-20250930,1751613789,1698217741946,1,1
20250901-20250930,1751256811,1698217741939,1,1
20250901-20250930,1749627491,1698217739328,1,1
20250901-20250930,1750649720,1698217739904,1,1
20250901-20250930,1750649868,1698217739943,1,1
20250901-20250930,1750649720,1698217739890,1,1
20250901-20250930,1719571148,1698217737812,1,1
20250901-20250930,1757302420,1698217743907,1,1
20250901-20250930,1750649540,1698217739859,1,1
20250901-20250930,1750647002,1698217739561,1,1
20250901-20250930,1750647002,1698217742874,1,1
20250901-20250930,1751615160,1698217741044,1,1
20250901-20250930,1751256462,1698217740335,1,1
20250901-20250930,1751256811,1698217740370,1,1
20250901-20250930,1750662197,1698217740088,1,1
20250901-20250930,1751615160,1698217741070,1,1
20250901-20250930,1750662197,1698217740083,1,1
20250901-20250930,1751256811,1698217740361,1,1
20250901-20250930,1755248023,1698217738864,1,1
20250901-20250930,1742280059,1698217738970,1,1
20250901-20250930,1751255752,1698217740275,1,1
20250901-20250930,1752747448,1698217741754,1,1
20250901-20250930,1751613789,1698217740728,1,1
20250901-20250930,1750646521,1698217739516,1,1
20250901-20250930,1755248023,1698217740808,1,1
20250901-20250930,1750646521,1698217743821,1,1
20250901-20250930,1751615057,1698217741948,1,1
20250901-20250930,1735282015,1698217738717,1,1
20250901-20250930,1750649540,1698217739843,1,1
20250901-20250930,1750650330,1698217740020,1,1
20250901-20250930,1751615284,1698217741083,1,1
20250901-20250930,1751615284,1698217741103,1,1
20250901-20250930,1752747448,1698217741737,1,1
20250901-20250930,1750647705,1698217743824,1,1
20250901-20250930,1752747448,1698217741736,1,1
20250901-20250930,1751613072,1698217744748,1,1
20250901-20250930,1751612625,1698217740619,1,1
20250901-20250930,1751255752,1698217740294,1,1
20250901-20250930,1741932733,1698217743890,1,1
20250901-20250930,1750649540,1698217739872,1,1
20250901-20250930,1751615402,1698217741137,1,1
20250901-20250930,1750647705,1698217740178,1,1
20250901-20250930,1755246422,1698217738862,1,1
20250901-20250930,1751615057,1698217741020,1,1
20250901-20250930,1755248023,1698217743176,1,1
20250901-20250930,1750662197,1698217743836,1,1
20250901-20250930,1752747448,1698217744601,1,1
20250901-20250930,1750649540,1698217739867,1,1
20250901-20250930,1751612625,1698217740606,1,1
20250901-20250930,1757302420,1698217743908,1,1
20250901-20250930,1751255752,1698217743839,1,1
20250901-20250930,1751613789,1698217740715,1,1
20250901-20250930,1750649209,1698217739808,1,1
20250901-20250930,1750650330,1698217739992,1,1
20250901-20250930,1749627491,1698217739335,1,1
20250901-20250930,1750647002,1698217739571,1,1
20250901-20250930,1751615500,1698217741171,1,1
20250901-20250930,1751613789,1698217740730,1,1
20250901-20250930,1753174385,1698217741798,1,1
20250901-20250930,1750648058,1698217739672,1,1
20250901-20250930,1752747448,1698217741743,1,1
20250901-20250930,1751615057,1698217741014,1,1
20250901-20250930,1751615500,1698217743854,1,1
20250901-20250930,1750648580,1698217739740,1,1
20250901-20250930,1750648580,1698217739744,1,1
20250901-20250930,1755248023,1698217743158,1,1
20250901-20250930,1750647705,1698217739644,1,1
20250901-20250930,1751615402,1698217741144,1,1
20250901-20250930,1751256811,1698217740360,1,1
20250901-20250930,1751255752,1698217744576,1,1
20250901-20250930,1752747448,1698217741749,1,1
20250901-20250930,1749627491,1698217739344,1,1
20250901-20250930,1750646521,1698217739530,1,1
20250901-20250930,1751615160,1698217741064,1,1
20250901-20250930,1750649540,1698217739875,1,1
20250901-20250930,1751612625,1698217740614,1,1
20250901-20250930,1751255752,1698217740280,1,1
20250901-20250930,1750649209,1698217739833,1,1
20250901-20250930,1735282015,1698217739454,1,1
20250901-20250930,1749627491,1698217739347,1,1
20250901-20250930,1751612625,1698217740604,1,1
20250901-20250930,1755248023,1698217743171,1,1
20250901-20250930,1751615402,1698217741125,1,1
20250901-20250930,1752747448,1698217741728,1,1
20250901-20250930,1749627491,1698217739332,1,1
20250901-20250930,1750648058,1698217739687,1,1
20250901-20250930,1752747448,1698217741727,1,1
20250901-20250930,1746793106,1698217739079,1,1
20250901-20250930,1751612625,1698217744747,1,1
20250901-20250930,1718444707,1698217737716,1,1
20250901-20250930,1757656822,1698217744073,1,1
20250901-20250930,1751256811,1698217744743,1,1
20250901-20250930,1751615057,1698217741001,1,1
20250901-20250930,1750650330,1698217740018,1,1
20250901-20250930,1757387300,1698217743958,1,1
20250901-20250930,1742289481,1698217738976,1,1
20250901-20250930,1750648058,1698217739674,1,1
20250901-20250930,1751615057,1698217741009,1,1
20250901-20250930,1750646521,1698217741355,1,1
20250901-20250930,1750649540,1698217739863,1,1
20250901-20250930,1750647705,1698217739646,1,1
20250901-20250930,1753174385,1698217741961,1,1
20250901-20250930,1757387300,1698217743948,1,1
20250901-20250930,1749627491,1698217739339,1,1
20250901-20250930,1752747448,1698217741751,1,1
20250901-20250930,1751615500,1698217744591,1,1
20250901-20250930,1752747448,1698217741742,1,1
20250901-20250930,1751615500,1698217741169,1,1
20250901-20250930,1750648292,1698217739724,1,1
20250901-20250930,1751255752,1698217740289,1,1
20250901-20250930,1751602642,1698217740583,1,1
20250901-20250930,1755248023,1698217743190,1,1
20250901-20250930,1750650532,1698217741689,1,1
20250901-20250930,1750647418,1698217739609,1,1
20250901-20250930,1750648580,1698217739752,1,1
20250901-20250930,1750648580,1698217739732,1,1
20250901-20250930,1751615057,1698217741024,1,1
20250901-20250930,1750662197,1698217740075,1,1
20250901-20250930,1750647002,1698217739570,1,1
20250901-20250930,1755248023,1698217738860,1,1
20250901-20250930,1754913084,1698217743153,1,1
20250901-20250930,1751615284,1698217741088,1,1
20250901-20250930,1750650168,1698217739966,1,1
20250901-20250930,1750649868,1698217739932,1,1
20250901-20250930,1751615402,1698217741124,1,1
20250901-20250930,1751613789,1698217740741,1,1
20250901-20250930,1750647002,1698217739554,1,1
20250901-20250930,1742289481,1698217738998,1,1
20250901-20250930,1752747448,1698217741747,1,1
20250901-20250930,1750649540,1698217739862,1,1
20250901-20250930,1718444707,1698217737740,1,1
20250901-20250930,1750647418,1698217739608,1,1
20250901-20250930,1751613252,1698217740705,1,1
20250901-20250930,1752747448,1698217741725,1,1
20250901-20250930,1757656822,1698217744639,1,1
20250901-20250930,1750649209,1698217739822,1,1
20250901-20250930,1750648058,1698217739661,1,1
20250901-20250930,1752206048,1698217741399,1,1
20250901-20250930,1746793106,1698217739057,1,1
20250901-20250930,1751615057,1698217741011,1,1
20250901-20250930,1750649209,1698217739828,1,1
20250901-20250930,1750648058,1698217743825,1,1
20250901-20250930,1757302420,1698217743922,1,1
20250901-20250930,1750413710,1698217739487,1,1
20250901-20250930,1757387300,1698217743963,1,1
20250901-20250930,1751613789,1698217740740,1,1
20250901-20250930,1750649209,1698217739818,1,1
20250901-20250930,1757302420,1698217743901,1,1
20250901-20250930,1751615500,1698217741167,1,1
20250901-20250930,1750646521,1698217739537,1,1
20250901-20250930,1750413710,1698217739484,1,1
20250901-20250930,1757387300,1698217743954,1,1
20250901-20250930,1752747448,1698217741960,1,1
20250901-20250930,1750650532,1698217740051,1,1
20250901-20250930,1751613789,1698217740735,1,1
20250901-20250930,1751256811,1698217740362,1,1
20250901-20250930,1750649209,1698217739836,1,1
20250901-20250930,1750649868,1698217739947,1,1
20250901-20250930,1750648580,1698217739754,1,1
20250901-20250930,1735282015,1698217738699,1,1
20250901-20250930,1757387300,1698217743945,1,1
20250901-20250930,1750650532,1698217740545,1,1
20250901-20250930,1741932733,1698217743889,1,1
20250901-20250930,1757387300,1698217743980,1,1
20250901-20250930,1750647418,1698217739607,1,1
20250901-20250930,1750650330,1698217739999,1,1
20250901-20250930,1750649540,1698217739845,1,1
20250901-20250930,1751613252,1698217740679,1,1
20250901-20250930,1750413710,1698217739486,1,1
20250901-20250930,1750647418,1698217739598,1,1
20250901-20250930,1718444707,1698217742840,1,1
20250901-20250930,1750647705,1698217739637,1,1
20250901-20250930,1718444707,1698217737718,1,1
20250901-20250930,1755248023,1698217743189,1,1
20250901-20250930,1752206048,1698217741411,1,1
20250901-20250930,1750650532,1698217740045,1,1
20250901-20250930,1755248023,1698217738843,1,1
20250901-20250930,1750649868,1698217739924,1,1
20250901-20250930,1749627491,1698217739356,1,1
20250901-20250930,1757387300,1698217743947,1,1
20250901-20250930,1757302420,1698217743923,1,1
20250901-20250930,1752566036,1698217741539,1,1
20250901-20250930,1752747448,1698217741730,1,1
20250901-20250930,1750649540,1698217739873,1,1
20250901-20250930,1746793106,1698217739049,1,1
20250901-20250930,1746793106,1698217739053,1,1
20250901-20250930,1718444707,1698217744690,1,1
20250901-20250930,1751615402,1698217741145,1,1
20250901-20250930,1751613252,1698217740688,1,1
20250901-20250930,1755248023,1698217743182,1,1
20250901-20250930,1751615160,1698217741068,1,1
20250901-20250930,1750647705,1698217739632,1,1
20250901-20250930,1750662197,1698217741690,1,1
20250901-20250930,1752747448,1698217741757,1,1
20250901-20250930,1750647002,1698217739575,1,1
20250901-20250930,1750647418,1698217739595,1,1
20250901-20250930,1750650532,1698217742887,1,1
20250901-20250930,1751613252,1698217740708,1,1
20250901-20250930,1757656822,1698217744077,1,1
20250901-20250930,1751255752,1698217742891,1,1
20250901-20250930,1750413710,1698217739490,1,1
20250901-20250930,1750650330,1698217740005,1,1
20250901-20250930,1750649868,1698217739938,1,1
20250901-20250930,1746793106,1698217739056,1,1
20250901-20250930,1751613789,1698217740711,1,1
20250901-20250930,1751613252,1698217740687,1,1
20250901-20250930,1751615057,1698217741033,1,1
20250901-20250930,1750649720,1698217739909,1,1
20250901-20250930,1750650330,1698217740011,1,1
20250901-20250930,1751615160,1698217741065,1,1
20250901-20250930,1750647705,1698217739641,1,1
20250901-20250930,1752747448,1698217741732,1,1
20250901-20250930,1754913084,1698217743133,1,1
20250901-20250930,1750647002,1698217739567,1,1
20250901-20250930,1751613789,1698217740850,1,1
20250901-20250930,1750649540,1698217739869,1,1
20250901-20250930,1742289481,1698217739000,1,1
20250901-20250930,1751613789,1698217740722,1,1
20250901-20250930,1750662197,1698217740079,1,1
20250901-20250930,1751615402,1698217741148,1,1
20250901-20250930,1749627491,1698217739348,1,1
20250901-20250930,1751256811,1698217740363,1,1
20250901-20250930,1752206048,1698217741413,1,1
20250901-20250930,1750650532,1698217740189,1,1
20250901-20250930,1754913084,1698217743146,1,1
20250901-20250930,1751256462,1698217741374,1,1
20250901-20250930,1751612625,1698217740601,1,1
20250901-20250930,1754913084,1698217743144,1,1
20250901-20250930,1751256811,1698217741695,1,1
20250901-20250930,1750649868,1698217739940,1,1
20250901-20250930,1751615402,1698217741147,1,1
20250901-20250930,1751438771,1698217740450,1,1
20250901-20250930,1752566036,1698217741541,1,1
20250901-20250930,1718444707,1698217741642,1,1
20250901-20250930,1749627491,1698217741672,1,1
20250901-20250930,1754913084,1698217743145,1,1
20250901-20250930,1755248023,1698217738840,1,1
20250901-20250930,1750649209,1698217743829,1,1
20250901-20250930,1757387300,1698217743966,1,1
20250901-20250930,1751256811,1698217740367,1,1
20250901-20250930,1751612625,1698217740621,1,1
20250901-20250930,1749627491,1698217739352,1,1
20250901-20250930,1751613072,1698217740649,1,1
20250901-20250930,1751256462,1698217740315,1,1
20250901-20250930,1751612625,1698217740598,1,1
20250901-20250930,1751615057,1698217741010,1,1
20250901-20250930,1750648058,1698217739668,1,1
20250901-20250930,1751615057,1698217741031,1,1
20250901-20250930,1755248023,1698217740160,1,1
20250901-20250930,1750646521,1698217739532,1,1
20250901-20250930,1723801345,1698217738105,1,1
20250901-20250930,1751613252,1698217740672,1,1
20250901-20250930,1750662197,1698217740069,1,1
20250901-20250930,1751615057,1698217741019,1,1
20250901-20250930,1751615160,1698217741052,1,1
20250901-20250930,1750662197,1698217740073,1,1
20250901-20250930,1750647418,1698217739592,1,1
20250901-20250930,1751613072,1698217740639,1,1
20250901-20250930,1751613072,1698217740660,1,1
20250901-20250930,1746793106,1698217739050,1,1
20250901-20250930,1750647418,1698217739588,1,1
20250901-20250930,1750649868,1698217743832,1,1
20250901-20250930,1742289481,1698217738984,1,1
20250901-20250930,1751613252,1698217740686,1,1
20250901-20250930,1751615057,1698217744587,1,1
20250901-20250930,1742280059,1698217739212,1,1
20250901-20250930,1757302420,1698217743917,1,1
20250901-20250930,1752747448,1698217741745,1,1
20250901-20250930,1751615160,1698217741048,1,1
20250901-20250930,1750647705,1698217739629,1,1
20250901-20250930,1752747448,1698217741724,1,1
20250901-20250930,1751615500,1698217741191,1,1
20250901-20250930,1735282015,1698217738701,1,1
20250901-20250930,1751256462,1698217740334,1,1
20250901-20250930,1752747448,1698217741726,1,1
20250901-20250930,1752747448,1698217741744,1,1
20250901-20250930,1752747448,1698217741723,1,1
20250901-20250930,1751438771,1698217740424,1,1
20250901-20250930,1735282015,1698217738712,1,1
20250901-20250930,1750649540,1698217744567,1,1
20250901-20250930,1750650532,1698217740042,1,1
20250901-20250930,1750649540,1698217739858,1,1
20250901-20250930,1754913084,1698217743149,1,1
20250901-20250930,1751615057,1698217740996,1,1
20250901-20250930,1752747448,1698217741729,1,1
20250901-20250930,1750647002,1698217741356,1,1
20250901-20250930,1750413710,1698217739473,1,1
20250901-20250930,1757738096,1698217743595,1,1
20250901-20250930,1752747448,1698217741755,1,1
20250901-20250930,1750650330,1698217740003,1,1
20250901-20250930,1746793106,1698217739052,1,1
20250901-20250930,1750647002,1698217739577,1,1
20250901-20250930,1752747448,1698217741735,1,1
20250901-20250930,1750650532,1698217740049,1,1
20250901-20250930,1752206048,1698217741395,1,1
20250901-20250930,1750662197,1698217740077,1,1
20250901-20250930,1752747448,1698217741731,1,1
20250901-20250930,1750647705,1698217741678,1,1
20250901-20250930,1751615057,1698217741008,1,1
20250901-20250930,1750650532,1698217744572,1,1
20250901-20250930,1750649868,1698217739950,1,1
20250901-20250930,1750650532,1698217740044,1,1
20250901-20250930,1750647705,1698217739630,1,1
20250901-20250930,1751613252,1698217740680,1,1
20250901-20250930,1751615284,1698217741079,1,1
20250901-20250930,1750649209,1698217739826,1,1
20250901-20250930,1751612625,1698217740608,1,1
20250901-20250930,1742289481,1698217739005,1,1
20250901-20250930,1750649868,1698217741686,1,1
20250901-20250930,1750649868,1698217739935,1,1
20250901-20250930,1751615284,1698217741085,1,1
20250901-20250930,1751255752,1698217740295,1,1
20250901-20250930,1750650330,1698217744736,1,1
20250901-20250930,1751255752,1698217740279,1,1
20250901-20250930,1757387300,1698217743952,1,1
20250901-20250930,1750646521,1698217739522,1,1
20250901-20250930,1751255752,1698217740291,1,1
20250901-20250930,1735282015,1698217740512,1,1
20250901-20250930,1750649540,1698217739868,1,1
20250901-20250930,1751613789,1698217740736,1,1
20250901-20250930,1746793106,1698217739071,1,1
20250901-20250930,1751615160,1698217741060,1,1
20250901-20250930,1735282015,1698217738714,1,1
20250901-20250930,1757387300,1698217743959,1,1
20250901-20250930,1750648058,1698217739685,1,1
20250901-20250930,1742289481,1698217738992,1,1
20250901-20250930,1750649720,1698217741365,1,1
20250901-20250930,1750650532,1698217740034,1,1
20250901-20250930,1742280059,1698217738943,1,1
20250901-20250930,1750647705,1698217741358,1,1
20250901-20250930,1750649540,1698217739856,1,1
