month_str,merchant,game_id,monthly_unique_users
202510,1698202251,1698217736104,
202510,1698202251,1698217736112,
202510,1698202251,1698217736113,
202510,1698202251,1698217736114,
202510,1698202251,1698217736115,
202510,1698202251,1698217736116,
202510,1698202251,1698217736226,
202510,1698202251,1698217736239,
202510,1698202251,1698217736271,
202510,1698202251,1698217736305,
202510,1698202251,1698217736362,
202510,1698202251,1698217736396,
202510,1698202251,1698217736485,
202510,1698202251,1698217736505,
202510,1698202251,1698217736603,
202510,1698202251,1698217736653,
202510,1698202251,1698217736789,
202510,1698202251,1698217736817,
202510,1698202251,1698217736845,
202510,1698202251,1698217737028,
202510,1698202251,1698217737093,
202510,1698202251,1698217737127,
202510,1698202251,1698217737229,
202510,1698202251,1698217737265,
202510,1698202251,1698217737525,
202510,1698202251,1698217737563,
202510,1698202251,1698217737753,
202510,1698202251,1698217738029,
202510,1698202251,1698217738208,
202510,1698202251,1698217738259,
202510,1698202251,1698217738310,
202510,1698202251,1698217738361,
202510,1698202251,1698217738412,
202510,1698202251,1698217738463,
202510,1698202251,1698217738514,
202510,1698202251,1698217739155,
202510,1698202251,1698217739404,
202510,1698202251,1698217740106,
202510,1698202251,1698217740462,
202510,1698202251,1698217740754,
202510,1698202251,1698217740856,
202510,1698202251,1698217741286,
202510,1698202251,1698217741606,
202510,1698202251,1698217741850,
202510,1698202251,1698217742804,
202510,1698202251,1698217743752,
202510,1698202251,1698217744489,
202510,1698202251,1698217744654,
202510,1698202662,1698217736087,
202510,1698202662,1698217736095,
202510,1698202662,1698217736096,
202510,1698202662,1698217736097,
202510,1698202662,1698217736098,
202510,1698202662,1698217736099,
202510,1698202662,1698217736227,
202510,1698202662,1698217736240,
202510,1698202662,1698217736272,
202510,1698202662,1698217736306,
202510,1698202662,1698217736363,
202510,1698202662,1698217736397,
202510,1698202662,1698217736486,
202510,1698202662,1698217736506,
202510,1698202662,1698217736604,
202510,1698202662,1698217736654,
202510,1698202662,1698217736790,
202510,1698202662,1698217736818,
202510,1698202662,1698217736846,
202510,1698202662,1698217737029,
202510,1698202662,1698217737094,
202510,1698202662,1698217737128,
202510,1698202662,1698217737230,
202510,1698202662,1698217737266,
202510,1698202662,1698217737526,
202510,1698202662,1698217737564,
202510,1698202662,1698217737754,
202510,1698202662,1698217738030,
202510,1698202662,1698217738209,
202510,1698202662,1698217738260,
202510,1698202662,1698217738311,
202510,1698202662,1698217738362,
202510,1698202662,1698217738413,
202510,1698202662,1698217738464,
202510,1698202662,1698217738515,
202510,1698202662,1698217739156,
202510,1698202662,1698217739405,
202510,1698202662,1698217740107,
202510,1698202662,1698217740463,
202510,1698202662,1698217740755,
202510,1698202662,1698217740857,
202510,1698202662,1698217741287,
202510,1698202662,1698217741607,
202510,1698202662,1698217741851,
202510,1698202662,1698217742805,
202510,1698202662,1698217743753,
202510,1698202662,1698217744490,
202510,1698202662,1698217744655,
202510,1698203058,1698217736019,
202510,1698203058,1698217736027,
202510,1698203058,1698217736028,
202510,1698203058,1698217736029,
202510,1698203058,1698217736030,
202510,1698203058,1698217736031,
202510,1698203058,1698217736231,
202510,1698203058,1698217736244,
202510,1698203058,1698217736276,
202510,1698203058,1698217736310,
202510,1698203058,1698217736367,
202510,1698203058,1698217736401,
202510,1698203058,1698217736490,
202510,1698203058,1698217736510,
202510,1698203058,1698217736608,
202510,1698203058,1698217736658,
202510,1698203058,1698217736794,
202510,1698203058,1698217736822,
202510,1698203058,1698217736850,
202510,1698203058,1698217737033,
202510,1698203058,1698217737098,
202510,1698203058,1698217737132,
202510,1698203058,1698217737234,
202510,1698203058,1698217737270,
202510,1698203058,1698217737530,
202510,1698203058,1698217737568,
202510,1698203058,1698217737758,
202510,1698203058,1698217737987,
202510,1698203058,1698217738034,
202510,1698203058,1698217738213,
202510,1698203058,1698217738264,
202510,1698203058,1698217738315,
202510,1698203058,1698217738366,
202510,1698203058,1698217738417,
202510,1698203058,1698217738468,
202510,1698203058,1698217738519,
202510,1698203058,1698217739160,
202510,1698203058,1698217739409,
202510,1698203058,1698217740111,
202510,1698203058,1698217740467,
202510,1698203058,1698217740759,
202510,1698203058,1698217740861,
202510,1698203058,1698217741291,
202510,1698203058,1698217741611,
202510,1698203058,1698217741855,
202510,1698203058,1698217742809,
202510,1698203058,1698217743757,
202510,1698203058,1698217744494,
202510,1698203058,1698217744659,
202510,1713329090,1698217736873,
202510,1713329090,1698217736874,
202510,1713329090,1698217736875,
202510,1713329090,1698217736876,
202510,1713329090,1698217736877,
202510,1713329090,1698217736880,
202510,1713329090,1698217736881,
202510,1713329090,1698217736882,
202510,1713329090,1698217736883,
202510,1713329090,1698217736884,
202510,1713329090,1698217736885,
202510,1713329090,1698217736886,
202510,1713329090,1698217736887,
202510,1713329090,1698217736888,
202510,1713329090,1698217736889,
202510,1713329090,1698217736890,
202510,1713329090,1698217736891,
202510,1713329090,1698217736893,
202510,1713329090,1698217736895,
202510,1713329090,1698217737051,
202510,1713329090,1698217737116,
202510,1713329090,1698217737150,
202510,1713329090,1698217737252,
202510,1713329090,1698217737288,
202510,1713329090,1698217737548,
202510,1713329090,1698217737586,
202510,1713329090,1698217737776,
202510,1713329090,1698217738052,
202510,1713329090,1698217738231,
202510,1713329090,1698217738282,
202510,1713329090,1698217738333,
202510,1713329090,1698217738384,
202510,1713329090,1698217738435,
202510,1713329090,1698217738486,
202510,1713329090,1698217738537,
202510,1713329090,1698217739178,
202510,1713329090,1698217739427,
202510,1713329090,1698217740129,
202510,1713329090,1698217740485,
202510,1713329090,1698217740777,
202510,1713329090,1698217740879,
202510,1713329090,1698217741309,
202510,1713329090,1698217741629,
202510,1713329090,1698217741873,
202510,1713329090,1698217742827,
202510,1713329090,1698217743775,
202510,1713329090,1698217744512,
202510,1713329090,1698217744677,
202510,1716179958,1698217737301,
202510,1716179958,1698217737302,
202510,1716179958,1698217737303,
202510,1716179958,1698217737304,
202510,1716179958,1698217737305,
202510,1716179958,1698217737308,
202510,1716179958,1698217737309,
202510,1716179958,1698217737311,
202510,1716179958,1698217737312,
202510,1716179958,1698217737313,
202510,1716179958,1698217737314,
202510,1716179958,1698217737315,
202510,1716179958,1698217737316,
202510,1716179958,1698217737317,
202510,1716179958,1698217737318,
202510,1716179958,1698217737319,
202510,1716179958,1698217737321,
202510,1716179958,1698217737322,
202510,1716179958,1698217737323,
202510,1716179958,1698217737324,
202510,1716179958,1698217737325,
202510,1716179958,1698217737326,
202510,1716179958,1698217737328,
202510,1716179958,1698217737556,
202510,1716179958,1698217737594,
202510,1716179958,1698217737784,
202510,1716179958,1698217738013,
202510,1716179958,1698217738060,
202510,1716179958,1698217738239,
202510,1716179958,1698217739008,
202510,1716179958,1698217739009,
202510,1716179958,1698217739010,
202510,1716179958,1698217739011,
202510,1716179958,1698217739012,
202510,1716179958,1698217739013,
202510,1716179958,1698217739186,
202510,1716179958,1698217739435,
202510,1716179958,1698217740137,
202510,1716179958,1698217740493,
202510,1716179958,1698217740785,
202510,1716179958,1698217741317,
202510,1716179958,1698217741637,
202510,1716179958,1698217743324,
202510,1718444707,1698217737715,
202510,1718444707,1698217737716,
202510,1718444707,1698217737717,
202510,1718444707,1698217737718,
202510,1718444707,1698217737719,
202510,1718444707,1698217737722,
202510,1718444707,1698217737723,
202510,1718444707,1698217737724,
202510,1718444707,1698217737725,
202510,1718444707,1698217737726,
202510,1718444707,1698217737728,
202510,1718444707,1698217737729,
202510,1718444707,1698217737730,
202510,1718444707,1698217737731,
202510,1718444707,1698217737732,
202510,1718444707,1698217737736,
202510,1718444707,1698217737737,
202510,1718444707,1698217737738,
202510,1718444707,1698217737739,
202510,1718444707,1698217737740,
202510,1718444707,1698217737741,
202510,1718444707,1698217737742,
202510,1718444707,1698217737744,
202510,1718444707,1698217738065,
202510,1718444707,1698217738244,
202510,1718444707,1698217739191,
202510,1718444707,1698217739440,
202510,1718444707,1698217740142,
202510,1718444707,1698217740498,
202510,1718444707,1698217740790,
202510,1718444707,1698217740892,
202510,1718444707,1698217741322,
202510,1718444707,1698217741642,
202510,1718444707,1698217741886,
202510,1718444707,1698217742840,
202510,1718444707,1698217743788,
202510,1718444707,1698217744525,
202510,1718444707,1698217744690,
202510,1719571148,1698217737797,
202510,1719571148,1698217737799,
202510,1719571148,1698217737802,
202510,1719571148,1698217737805,
202510,1719571148,1698217737806,
202510,1719571148,1698217737807,
202510,1719571148,1698217737808,
202510,1719571148,1698217737809,
202510,1719571148,1698217737810,
202510,1719571148,1698217737814,
202510,1719571148,1698217737816,
202510,1719571148,1698217737817,
202510,1719571148,1698217737818,
202510,1719571148,1698217737819,
202510,1719571148,1698217737820,
202510,1719571148,1698217737822,
202510,1719571148,1698217737823,
202510,1719571148,1698217738066,
202510,1719571148,1698217738245,
202510,1719571148,1698217739192,
202510,1719571148,1698217739441,
202510,1719571148,1698217740143,
202510,1719571148,1698217740499,
202510,1719571148,1698217741323,
202510,1723801345,1698217738105,
202510,1723801345,1698217738106,
202510,1723801345,1698217738107,
202510,1723801345,1698217738108,
202510,1723801345,1698217738109,
202510,1723801345,1698217738111,
202510,1723801345,1698217738112,
202510,1723801345,1698217738113,
202510,1723801345,1698217738114,
202510,1723801345,1698217738115,
202510,1723801345,1698217738116,
202510,1723801345,1698217738117,
202510,1723801345,1698217738118,
202510,1723801345,1698217738119,
202510,1723801345,1698217738121,
202510,1723801345,1698217738122,
202510,1723801345,1698217738123,
202510,1723801345,1698217738124,
202510,1723801345,1698217738125,
202510,1723801345,1698217738126,
202510,1723801345,1698217738127,
202510,1723801345,1698217738128,
202510,1723801345,1698217738129,
202510,1723801345,1698217738130,
202510,1723801345,1698217738131,
202510,1723801345,1698217738132,
202510,1723801345,1698217738133,
202510,1723801345,1698217738134,
202510,1735282015,1698217738725,
202510,1735282015,1698217738726,
202510,1737978166,1698217738737,
202510,1737978166,1698217738738,
202510,1737978166,1698217738739,
202510,1737978166,1698217738740,
202510,1737978166,1698217738741,
202510,1737978166,1698217738743,
202510,1737978166,1698217738744,
202510,1737978166,1698217738746,
202510,1737978166,1698217738747,
202510,1737978166,1698217738748,
202510,1737978166,1698217738749,
202510,1737978166,1698217738750,
202510,1737978166,1698217738751,
202510,1737978166,1698217738752,
202510,1737978166,1698217738753,
202510,1737978166,1698217738754,
202510,1737978166,1698217738755,
202510,1737978166,1698217738756,
202510,1737978166,1698217738757,
202510,1737978166,1698217738758,
202510,1737978166,1698217738759,
202510,1737978166,1698217738760,
202510,1737978166,1698217738761,
202510,1737978166,1698217738762,
202510,1737978166,1698217738763,
202510,1737978166,1698217738764,
202510,1737978166,1698217738765,
202510,1737978166,1698217738766,
202510,1737978166,1698217738767,
202510,1737978166,1698217739206,
202510,1737978166,1698217739455,
202510,1737978166,1698217740157,
202510,1737978166,1698217740513,
202510,1737978166,1698217740805,
202510,1737978166,1698217740907,
202510,1737978166,1698217741337,
202510,1737978166,1698217741657,
202510,1737978166,1698217741901,
202510,1737978166,1698217742855,
202510,1737978166,1698217743803,
202510,1741762027,1698217738805,
202510,1741762027,1698217738806,
202510,1741762027,1698217738807,
202510,1741762027,1698217738808,
202510,1741762027,1698217738809,
202510,1741762027,1698217738811,
202510,1741762027,1698217738812,
202510,1741762027,1698217738813,
202510,1741762027,1698217738814,
202510,1741762027,1698217738815,
202510,1741762027,1698217738816,
202510,1741762027,1698217738817,
202510,1741762027,1698217738818,
202510,1741762027,1698217738819,
202510,1741762027,1698217738820,
202510,1741762027,1698217738821,
202510,1741762027,1698217738822,
202510,1741762027,1698217738823,
202510,1741762027,1698217738824,
202510,1741762027,1698217738825,
202510,1741762027,1698217738826,
202510,1741762027,1698217738827,
202510,1741762027,1698217738828,
202510,1741762027,1698217738829,
202510,1741762027,1698217738830,
202510,1741762027,1698217738831,
202510,1741762027,1698217738832,
202510,1741762027,1698217738833,
202510,1741762027,1698217738834,
202510,1741762027,1698217738835,
202510,1741762027,1698217739208,
202510,1741762027,1698217739457,
202510,1741762027,1698217740159,
202510,1741762027,1698217741339,
202510,1741762027,1698217741903,
202510,1741762027,1698217743805,
202510,1741762027,1698217744542,
202510,1741762027,1698217744707,
202510,1741932733,1698217738839,
202510,1741932733,1698217738840,
202510,1741932733,1698217738841,
202510,1741932733,1698217738843,
202510,1741932733,1698217738845,
202510,1741932733,1698217738846,
202510,1741932733,1698217738847,
202510,1741932733,1698217738848,
202510,1741932733,1698217738849,
202510,1741932733,1698217738851,
202510,1741932733,1698217738852,
202510,1741932733,1698217738853,
202510,1741932733,1698217738855,
202510,1741932733,1698217738857,
202510,1741932733,1698217738858,
202510,1741932733,1698217738859,
202510,1741932733,1698217738860,
202510,1741932733,1698217738861,
202510,1741932733,1698217738862,
202510,1741932733,1698217738863,
202510,1741932733,1698217738864,
202510,1741932733,1698217738865,
202510,1741932733,1698217738866,
202510,1741932733,1698217738869,
202510,1741932733,1698217739458,
202510,1741932733,1698217740160,
202510,1741932733,1698217740516,
202510,1741932733,1698217740808,
202510,1741932733,1698217740910,
202510,1741932733,1698217741340,
202510,1741932733,1698217741660,
202510,1741932733,1698217741904,
202510,1741932733,1698217742858,
202510,1741932733,1698217743806,
202510,1741932733,1698217744543,
202510,1741932733,1698217744708,
202510,1742280059,1698217738951,
202510,1742280059,1698217739461,
202510,1742280059,1698217740163,
202510,1742280059,1698217740519,
202510,1742280059,1698217741343,
202510,1742280059,1698217741663,
202510,1742289481,1698217738976,
202510,1742289481,1698217738978,
202510,1742289481,1698217738979,
202510,1742289481,1698217738981,
202510,1742289481,1698217738982,
202510,1742289481,1698217738983,
202510,1742289481,1698217738984,
202510,1742289481,1698217738985,
202510,1742289481,1698217738986,
202510,1742289481,1698217738987,
202510,1742289481,1698217738988,
202510,1742289481,1698217738989,
202510,1742289481,1698217738990,
202510,1742289481,1698217738991,
202510,1742289481,1698217738993,
202510,1742289481,1698217738994,
202510,1742289481,1698217738995,
202510,1742289481,1698217738997,
202510,1742289481,1698217739000,
202510,1742289481,1698217739001,
202510,1742289481,1698217739002,
202510,1742289481,1698217739003,
202510,1742289481,1698217739004,
202510,1742289481,1698217739005,
202510,1746793106,1698217739055,
202510,1746793106,1698217739058,
202510,1746793106,1698217739059,
202510,1746793106,1698217739061,
202510,1746793106,1698217739063,
202510,1746793106,1698217739064,
202510,1746793106,1698217739067,
202510,1746793106,1698217739069,
202510,1746793106,1698217739071,
202510,1746793106,1698217739072,
202510,1746793106,1698217739073,
202510,1746793106,1698217739074,
202510,1746793106,1698217739076,
202510,1746793106,1698217739077,
202510,1746793106,1698217739078,
202510,1746793106,1698217739215,
202510,1746793106,1698217739464,
202510,1746793106,1698217740166,
202510,1746793106,1698217740522,
202510,1746793106,1698217740814,
202510,1746793106,1698217740916,
202510,1746793106,1698217741346,
202510,1746793106,1698217741666,
202510,1747388774,1698217739117,
202510,1747388774,1698217739118,
202510,1747388774,1698217739119,
202510,1747388774,1698217739121,
202510,1747388774,1698217739123,
202510,1747388774,1698217739124,
202510,1747388774,1698217739125,
202510,1747388774,1698217739126,
202510,1747388774,1698217739127,
202510,1747388774,1698217739128,
202510,1747388774,1698217739129,
202510,1747388774,1698217739130,
202510,1747388774,1698217739131,
202510,1747388774,1698217739132,
202510,1747388774,1698217739133,
202510,1747388774,1698217739135,
202510,1747388774,1698217739136,
202510,1747388774,1698217739137,
202510,1747388774,1698217739138,
202510,1747388774,1698217739139,
202510,1747388774,1698217739140,
202510,1747388774,1698217739141,
202510,1747388774,1698217739142,
202510,1747388774,1698217739143,
202510,1747388774,1698217739144,
202510,1747388774,1698217739145,
202510,1747388774,1698217739146,
202510,1747388774,1698217739147,
202510,1747388774,1698217739217,
202510,1749463700,1698217739256,
202510,1749463700,1698217739257,
202510,1749463700,1698217739258,
202510,1749463700,1698217739259,
202510,1749463700,1698217739260,
202510,1749463700,1698217739262,
202510,1749463700,1698217739263,
202510,1749463700,1698217739264,
202510,1749463700,1698217739265,
202510,1749463700,1698217739266,
202510,1749463700,1698217739267,
202510,1749463700,1698217739268,
202510,1749463700,1698217739269,
202510,1749463700,1698217739270,
202510,1749463700,1698217739271,
202510,1749463700,1698217739272,
202510,1749463700,1698217739273,
202510,1749463700,1698217739274,
202510,1749463700,1698217739275,
202510,1749463700,1698217739276,
202510,1749463700,1698217739277,
202510,1749463700,1698217739278,
202510,1749463700,1698217739279,
202510,1749463700,1698217739280,
202510,1749463700,1698217739281,
202510,1749463700,1698217739282,
202510,1749463700,1698217739283,
202510,1749463700,1698217739284,
202510,1749463700,1698217739285,
202510,1749463700,1698217739286,
202510,1749463700,1698217739288,
202510,1749463700,1698217739468,
202510,1749463700,1698217740170,
202510,1749463700,1698217740526,
202510,1749463700,1698217740818,
202510,1749463700,1698217740920,
202510,1749463700,1698217741350,
202510,1749463700,1698217741670,
202510,1749463700,1698217741914,
202510,1749463700,1698217742868,
202510,1749463700,1698217743816,
202510,1749463700,1698217744553,
202510,1749463700,1698217744718,
202510,1749627491,1698217739335,
202510,1749627491,1698217739336,
202510,1749627491,1698217739338,
202510,1749627491,1698217739340,
202510,1749627491,1698217739342,
202510,1749627491,1698217739343,
202510,1749627491,1698217739344,
202510,1749627491,1698217739352,
202510,1749627491,1698217739354,
202510,1749627491,1698217739356,
202510,1749627491,1698217739357,
202510,1749627491,1698217739358,
202510,1749627491,1698217739360,
202510,1749627491,1698217741352,
202510,1749627491,1698217741916,
202510,1749627491,1698217742870,
202510,1749627491,1698217743818,
202510,1749627491,1698217744555,
202510,1749627491,1698217744720,
202510,1750413710,1698217739475,
202510,1750413710,1698217739477,
202510,1750413710,1698217739479,
202510,1750413710,1698217739480,
202510,1750413710,1698217739482,
202510,1750413710,1698217739483,
202510,1750413710,1698217739485,
202510,1750413710,1698217739487,
202510,1750413710,1698217739488,
202510,1750413710,1698217739489,
202510,1750413710,1698217739490,
202510,1750413710,1698217739491,
202510,1750413710,1698217739492,
202510,1750413710,1698217739493,
202510,1750413710,1698217739495,
202510,1750413710,1698217739496,
202510,1750413710,1698217739497,
202510,1750413710,1698217739498,
202510,1750413710,1698217739499,
202510,1750413710,1698217739500,
202510,1750413710,1698217739501,
202510,1750413710,1698217739502,
202510,1750413710,1698217739505,
202510,1750413710,1698217739506,
202510,1750413710,1698217740174,
202510,1750413710,1698217740530,
202510,1750646521,1698217739512,
202510,1750646521,1698217739517,
202510,1750646521,1698217739520,
202510,1750646521,1698217739522,
202510,1750646521,1698217739530,
202510,1750646521,1698217739532,
202510,1750646521,1698217739535,
202510,1750646521,1698217739537,
202510,1750646521,1698217739539,
202510,1750646521,1698217739543,
202510,1750646521,1698217741919,
202510,1750646521,1698217744558,
202510,1750646521,1698217744723,
202510,1750647002,1698217739549,
202510,1750647002,1698217739553,
202510,1750647002,1698217739559,
202510,1750647002,1698217739561,
202510,1750647002,1698217740532,
202510,1750647002,1698217740926,
202510,1750647002,1698217741356,
202510,1750647418,1698217739585,
202510,1750647418,1698217739586,
202510,1750647418,1698217739590,
202510,1750647418,1698217739593,
202510,1750647418,1698217739594,
202510,1750647418,1698217739596,
202510,1750647418,1698217739599,
202510,1750647418,1698217739609,
202510,1750647418,1698217739611,
202510,1750647418,1698217739612,
202510,1750647418,1698217739613,
202510,1750647418,1698217739616,
202510,1750647418,1698217741357,
202510,1750647418,1698217744560,
202510,1750647418,1698217744725,
202510,1750647705,1698217739631,
202510,1750647705,1698217739633,
202510,1750647705,1698217739645,
202510,1750647705,1698217741358,
202510,1750647705,1698217744561,
202510,1750647705,1698217744726,
202510,1750648058,1698217739686,
202510,1750648058,1698217739690,
202510,1750648058,1698217741359,
202510,1750648058,1698217744727,
202510,1750648292,1698217739701,
202510,1750648292,1698217739705,
202510,1750648292,1698217739707,
202510,1750648292,1698217741360,
202510,1750648292,1698217744563,
202510,1750648292,1698217744728,
202510,1750648580,1698217739734,
202510,1750648580,1698217739738,
202510,1750648580,1698217739742,
202510,1750648580,1698217739744,
202510,1750648580,1698217739749,
202510,1750648580,1698217739759,
202510,1750648580,1698217739760,
202510,1750648580,1698217739761,
202510,1750648580,1698217741925,
202510,1750648580,1698217742879,
202510,1750648580,1698217744564,
202510,1750648580,1698217744729,
202510,1750649209,1698217739806,
202510,1750649209,1698217739815,
202510,1750649209,1698217739816,
202510,1750649209,1698217739818,
202510,1750649209,1698217739830,
202510,1750649209,1698217739834,
202510,1750649209,1698217739838,
202510,1750649209,1698217741363,
202510,1750649209,1698217744566,
202510,1750649209,1698217744731,
202510,1750649540,1698217739843,
202510,1750649540,1698217739849,
202510,1750649540,1698217739852,
202510,1750649540,1698217739855,
202510,1750649540,1698217739859,
202510,1750649540,1698217739863,
202510,1750649540,1698217739868,
202510,1750649540,1698217739873,
202510,1750649540,1698217741364,
202510,1750649540,1698217743830,
202510,1750649540,1698217744732,
202510,1750649720,1698217739913,
202510,1750649720,1698217741365,
202510,1750649868,1698217740936,
202510,1750649868,1698217741366,
202510,1750649868,1698217744734,
202510,1750650168,1698217739956,
202510,1750650168,1698217739957,
202510,1750650168,1698217739962,
202510,1750650168,1698217739967,
202510,1750650168,1698217741367,
202510,1750650330,1698217740020,
202510,1750650330,1698217741368,
202510,1750650330,1698217744571,
202510,1750650330,1698217744736,
202510,1750650532,1698217740040,
202510,1750650532,1698217740048,
202510,1750650532,1698217740055,
202510,1750650532,1698217741369,
202510,1750650532,1698217744737,
202510,1750662197,1698217740094,
202510,1750662197,1698217740097,
202510,1750662197,1698217741370,
202510,1750662197,1698217743836,
202510,1750662197,1698217744738,
202510,1750762420,1698217740192,
202510,1750762420,1698217740193,
202510,1750762420,1698217740194,
202510,1750762420,1698217740195,
202510,1750762420,1698217740196,
202510,1750762420,1698217740198,
202510,1750762420,1698217740199,
202510,1750762420,1698217740200,
202510,1750762420,1698217740201,
202510,1750762420,1698217740202,
202510,1750762420,1698217740203,
202510,1750762420,1698217740204,
202510,1750762420,1698217740205,
202510,1750762420,1698217740206,
202510,1750762420,1698217740207,
202510,1750762420,1698217740208,
202510,1750762420,1698217740209,
202510,1750762420,1698217740210,
202510,1750762420,1698217740211,
202510,1750762420,1698217740212,
202510,1750762420,1698217740213,
202510,1750762420,1698217740214,
202510,1750762420,1698217740215,
202510,1750762420,1698217740216,
202510,1750762420,1698217740217,
202510,1750762420,1698217740218,
202510,1750762420,1698217740219,
202510,1750762420,1698217740220,
202510,1750762420,1698217740221,
202510,1750762420,1698217740222,
202510,1750762420,1698217740224,
202510,1750762420,1698217740225,
202510,1750762420,1698217740226,
202510,1750762420,1698217740547,
202510,1751255752,1698217740272,
202510,1751255752,1698217740274,
202510,1751255752,1698217740277,
202510,1751255752,1698217740278,
202510,1751255752,1698217740279,
202510,1751255752,1698217740280,
202510,1751255752,1698217740282,
202510,1751255752,1698217740283,
202510,1751255752,1698217740293,
202510,1751255752,1698217740296,
202510,1751255752,1698217740298,
202510,1751255752,1698217740300,
202510,1751255752,1698217741373,
202510,1751255752,1698217742891,
202510,1751255752,1698217744576,
202510,1751255752,1698217744741,
202510,1751256462,1698217740315,
202510,1751256462,1698217740321,
202510,1751256462,1698217740322,
202510,1751256462,1698217740325,
202510,1751256462,1698217740331,
202510,1751256462,1698217740336,
202510,1751256462,1698217741374,
202510,1751256462,1698217744577,
202510,1751256811,1698217740344,
202510,1751256811,1698217740346,
202510,1751256811,1698217740347,
202510,1751256811,1698217740350,
202510,1751256811,1698217740351,
202510,1751256811,1698217740352,
202510,1751256811,1698217740354,
202510,1751256811,1698217740355,
202510,1751256811,1698217740356,
202510,1751256811,1698217740357,
202510,1751256811,1698217740358,
202510,1751256811,1698217740359,
202510,1751256811,1698217740360,
202510,1751256811,1698217740361,
202510,1751256811,1698217740363,
202510,1751256811,1698217740364,
202510,1751256811,1698217740368,
202510,1751256811,1698217740369,
202510,1751256811,1698217740371,
202510,1751256811,1698217740372,
202510,1751256811,1698217740373,
202510,1751256811,1698217740376,
202510,1751256811,1698217740377,
202510,1751256811,1698217740843,
202510,1751256811,1698217741375,
202510,1751256811,1698217741939,
202510,1751256811,1698217744578,
202510,1751256811,1698217744743,
202510,1751602642,1698217740555,
202510,1751602642,1698217740556,
202510,1751602642,1698217740557,
202510,1751602642,1698217740558,
202510,1751602642,1698217740559,
202510,1751602642,1698217740561,
202510,1751602642,1698217740562,
202510,1751602642,1698217740563,
202510,1751602642,1698217740564,
202510,1751602642,1698217740565,
202510,1751602642,1698217740566,
202510,1751602642,1698217740567,
202510,1751602642,1698217740568,
202510,1751602642,1698217740569,
202510,1751602642,1698217740571,
202510,1751602642,1698217740572,
202510,1751602642,1698217740573,
202510,1751602642,1698217740574,
202510,1751602642,1698217740575,
202510,1751602642,1698217740576,
202510,1751602642,1698217740577,
202510,1751602642,1698217740578,
202510,1751602642,1698217740579,
202510,1751602642,1698217740581,
202510,1751602642,1698217740582,
202510,1751602642,1698217740585,
202510,1751602642,1698217740587,
202510,1751602642,1698217740588,
202510,1751602642,1698217740589,
202510,1751602642,1698217740591,
202510,1751602642,1698217740846,
202510,1751602642,1698217740948,
202510,1751602642,1698217741378,
202510,1751602642,1698217741698,
202510,1751602642,1698217741942,
202510,1751602642,1698217743844,
202510,1751612625,1698217740598,
202510,1751612625,1698217740606,
202510,1751612625,1698217740624,
202510,1751612625,1698217741379,
202510,1751612625,1698217743845,
202510,1751612625,1698217744582,
202510,1751612625,1698217744747,
202510,1751613072,1698217740635,
202510,1751613072,1698217740644,
202510,1751613072,1698217740645,
202510,1751613072,1698217740649,
202510,1751613072,1698217740658,
202510,1751613072,1698217741380,
202510,1751613072,1698217744748,
202510,1751613252,1698217740676,
202510,1751613252,1698217740678,
202510,1751613252,1698217740682,
202510,1751613252,1698217740684,
202510,1751613252,1698217740692,
202510,1751613252,1698217740696,
202510,1751613252,1698217740698,
202510,1751613252,1698217740700,
202510,1751613252,1698217740701,
202510,1751613252,1698217740704,
202510,1751613252,1698217741381,
202510,1751613252,1698217744584,
202510,1751613252,1698217744749,
202510,1751613789,1698217740711,
202510,1751613789,1698217740713,
202510,1751613789,1698217740715,
202510,1751613789,1698217740717,
202510,1751613789,1698217740718,
202510,1751613789,1698217740720,
202510,1751613789,1698217740721,
202510,1751613789,1698217740723,
202510,1751613789,1698217740726,
202510,1751613789,1698217740728,
202510,1751613789,1698217740735,
202510,1751613789,1698217740736,
202510,1751613789,1698217740738,
202510,1751613789,1698217740739,
202510,1751613789,1698217740743,
202510,1751613789,1698217740744,
202510,1751613789,1698217741382,
202510,1751613789,1698217743848,
202510,1751613789,1698217744585,
202510,1751613789,1698217744750,
202510,1751615057,1698217741001,
202510,1751615057,1698217741002,
202510,1751615057,1698217741005,
202510,1751615057,1698217741015,
202510,1751615057,1698217741018,
202510,1751615057,1698217741021,
202510,1751615057,1698217741022,
202510,1751615057,1698217741023,
202510,1751615057,1698217741024,
202510,1751615057,1698217741384,
202510,1751615057,1698217744587,
202510,1751615057,1698217744752,
202510,1751615160,1698217741042,
202510,1751615160,1698217741044,
202510,1751615160,1698217741048,
202510,1751615160,1698217741053,
202510,1751615160,1698217741056,
202510,1751615160,1698217741058,
202510,1751615160,1698217741060,
202510,1751615160,1698217741063,
202510,1751615160,1698217741064,
202510,1751615160,1698217741065,
202510,1751615160,1698217741068,
202510,1751615160,1698217741385,
202510,1751615160,1698217742903,
202510,1751615160,1698217743851,
202510,1751615160,1698217744588,
202510,1751615160,1698217744753,
202510,1751615284,1698217741077,
202510,1751615284,1698217741083,
202510,1751615284,1698217741099,
202510,1751615284,1698217741107,
202510,1751615284,1698217741109,
202510,1751615284,1698217741386,
202510,1751615402,1698217741129,
202510,1751615402,1698217741130,
202510,1751615402,1698217741132,
202510,1751615402,1698217741134,
202510,1751615402,1698217741143,
202510,1751615402,1698217741145,
202510,1751615402,1698217741146,
202510,1751615402,1698217741387,
202510,1751615500,1698217741159,
202510,1751615500,1698217741161,
202510,1751615500,1698217741165,
202510,1751615500,1698217741166,
202510,1751615500,1698217741167,
202510,1751615500,1698217741171,
202510,1751615500,1698217741183,
202510,1751615500,1698217741187,
202510,1751615500,1698217741188,
202510,1751615500,1698217741195,
202510,1751615500,1698217741388,
202510,1751615500,1698217744591,
202510,1751615500,1698217744756,
202510,1751632483,1698217741200,
202510,1751632483,1698217741201,
202510,1751632483,1698217741202,
202510,1751632483,1698217741203,
202510,1751632483,1698217741204,
202510,1751632483,1698217741206,
202510,1751632483,1698217741207,
202510,1751632483,1698217741208,
202510,1751632483,1698217741209,
202510,1751632483,1698217741210,
202510,1751632483,1698217741211,
202510,1751632483,1698217741212,
202510,1751632483,1698217741213,
202510,1751632483,1698217741214,
202510,1751632483,1698217741215,
202510,1751632483,1698217741216,
202510,1751632483,1698217741217,
202510,1751632483,1698217741218,
202510,1751632483,1698217741219,
202510,1751632483,1698217741220,
202510,1751632483,1698217741221,
202510,1751632483,1698217741222,
202510,1751632483,1698217741224,
202510,1751632483,1698217741225,
202510,1751632483,1698217741226,
202510,1751632483,1698217741227,
202510,1751632483,1698217741228,
202510,1751632483,1698217741229,
202510,1751632483,1698217741230,
202510,1751632483,1698217741232,
202510,1751632483,1698217741233,
202510,1751632483,1698217741234,
202510,1751632483,1698217741236,
202510,1751632483,1698217741389,
202510,1751632483,1698217741709,
202510,1751632483,1698217741953,
202510,1751632483,1698217742907,
202510,1751632483,1698217743855,
202510,1752206048,1698217741394,
202510,1752206048,1698217741396,
202510,1752206048,1698217741405,
202510,1752206048,1698217741410,
202510,1752206048,1698217741412,
202510,1752206048,1698217741418,
202510,1752206048,1698217741419,
202510,1752206048,1698217741420,
202510,1752206048,1698217741421,
202510,1752206048,1698217741424,
202510,1752206048,1698217741425,
202510,1752206048,1698217741431,
202510,1752222840,1698217741448,
202510,1752222840,1698217741454,
202510,1752222840,1698217741458,
202510,1752222840,1698217741461,
202510,1752222840,1698217741466,
202510,1752222840,1698217741467,
202510,1752222840,1698217741468,
202510,1752222840,1698217741471,
202510,1752222840,1698217741473,
202510,1752222840,1698217741712,
202510,1752222840,1698217741956,
202510,1752222840,1698217742910,
202510,1752222840,1698217743858,
202510,1752222840,1698217744595,
202510,1752222840,1698217744760,
202510,1752566036,1698217741527,
202510,1752566036,1698217741528,
202510,1752566036,1698217741529,
202510,1752566036,1698217741530,
202510,1752566036,1698217741532,
202510,1752566036,1698217741533,
202510,1752566036,1698217741534,
202510,1752566036,1698217741535,
202510,1752566036,1698217741536,
202510,1752566036,1698217741537,
202510,1752566036,1698217741538,
202510,1752566036,1698217741539,
202510,1752566036,1698217741540,
202510,1752566036,1698217741541,
202510,1752566036,1698217741542,
202510,1752566036,1698217741543,
202510,1752566036,1698217741544,
202510,1752566036,1698217741545,
202510,1752566036,1698217741546,
202510,1752566036,1698217741547,
202510,1752566036,1698217741551,
202510,1752566036,1698217741552,
202510,1752566036,1698217741555,
202510,1752566036,1698217741556,
202510,1752566036,1698217741714,
202510,1752566036,1698217742912,
202510,1752747448,1698217741717,
202510,1752747448,1698217741718,
202510,1752747448,1698217741719,
202510,1752747448,1698217741720,
202510,1752747448,1698217741721,
202510,1752747448,1698217741723,
202510,1752747448,1698217741724,
202510,1752747448,1698217741725,
202510,1752747448,1698217741726,
202510,1752747448,1698217741727,
202510,1752747448,1698217741728,
202510,1752747448,1698217741729,
202510,1752747448,1698217741730,
202510,1752747448,1698217741731,
202510,1752747448,1698217741732,
202510,1752747448,1698217741733,
202510,1752747448,1698217741734,
202510,1752747448,1698217741735,
202510,1752747448,1698217741736,
202510,1752747448,1698217741737,
202510,1752747448,1698217741738,
202510,1752747448,1698217741739,
202510,1752747448,1698217741740,
202510,1752747448,1698217741741,
202510,1752747448,1698217741742,
202510,1752747448,1698217741743,
202510,1752747448,1698217741744,
202510,1752747448,1698217741745,
202510,1752747448,1698217741746,
202510,1752747448,1698217741747,
202510,1752747448,1698217741749,
202510,1752747448,1698217741750,
202510,1752747448,1698217741753,
202510,1752747448,1698217741755,
202510,1752747448,1698217741756,
202510,1752747448,1698217742914,
202510,1752747448,1698217743862,
202510,1752747448,1698217744601,
202510,1752747448,1698217744766,
202510,1753174385,1698217741760,
202510,1753174385,1698217741761,
202510,1753174385,1698217741762,
202510,1753174385,1698217741763,
202510,1753174385,1698217741764,
202510,1753174385,1698217741766,
202510,1753174385,1698217741767,
202510,1753174385,1698217741768,
202510,1753174385,1698217741769,
202510,1753174385,1698217741770,
202510,1753174385,1698217741771,
202510,1753174385,1698217741772,
202510,1753174385,1698217741773,
202510,1753174385,1698217741774,
202510,1753174385,1698217741775,
202510,1753174385,1698217741776,
202510,1753174385,1698217741777,
202510,1753174385,1698217741778,
202510,1753174385,1698217741779,
202510,1753174385,1698217741780,
202510,1753174385,1698217741781,
202510,1753174385,1698217741782,
202510,1753174385,1698217741783,
202510,1753174385,1698217741784,
202510,1753174385,1698217741785,
202510,1753174385,1698217741786,
202510,1753174385,1698217741787,
202510,1753174385,1698217741788,
202510,1753174385,1698217741789,
202510,1753174385,1698217741792,
202510,1753174385,1698217741793,
202510,1753174385,1698217741794,
202510,1753174385,1698217741796,
202510,1753174385,1698217741797,
202510,1753174385,1698217741798,
202510,1753174385,1698217741799,
202510,1753174385,1698217741800,
202510,1753174385,1698217741961,
202510,1753174385,1698217742915,
202510,1753353246,1698217743407,
202510,1754281426,1698217743027,
202510,1754281426,1698217743029,
202510,1754281426,1698217743031,
202510,1754281426,1698217743037,
202510,1754281426,1698217743041,
202510,1754281426,1698217743044,
202510,1754281426,1698217743045,
202510,1754281426,1698217743047,
202510,1754281426,1698217743048,
202510,1754281426,1698217743049,
202510,1754281426,1698217743051,
202510,1754281426,1698217743057,
202510,1754281426,1698217743058,
202510,1754281426,1698217743060,
202510,1754913084,1698217743133,
202510,1754913084,1698217743137,
202510,1754913084,1698217743140,
202510,1754913084,1698217743144,
202510,1754913084,1698217743145,
202510,1754913084,1698217743146,
202510,1754913084,1698217743149,
202510,1754913084,1698217743152,
202510,1754913084,1698217743154,
202510,1755246422,1698217743157,
202510,1755246422,1698217743158,
202510,1755246422,1698217743159,
202510,1755246422,1698217743161,
202510,1755246422,1698217743163,
202510,1755246422,1698217743164,
202510,1755246422,1698217743165,
202510,1755246422,1698217743166,
202510,1755246422,1698217743167,
202510,1755246422,1698217743169,
202510,1755246422,1698217743170,
202510,1755246422,1698217743171,
202510,1755246422,1698217743173,
202510,1755246422,1698217743175,
202510,1755246422,1698217743176,
202510,1755246422,1698217743177,
202510,1755246422,1698217743178,
202510,1755246422,1698217743179,
202510,1755246422,1698217743180,
202510,1755246422,1698217743181,
202510,1755246422,1698217743182,
202510,1755246422,1698217743183,
202510,1755246422,1698217743184,
202510,1755246422,1698217743187,
202510,1755246422,1698217743189,
202510,1755246422,1698217743190,
202510,1755246422,1698217743192,
202510,1755246422,1698217743193,
202510,1755246422,1698217743194,
202510,1755246422,1698217743195,
202510,1755246422,1698217743196,
202510,1755246422,1698217743197,
202510,1755248023,1698217743201,
202510,1755248023,1698217743202,
202510,1755248023,1698217743203,
202510,1755248023,1698217743205,
202510,1755248023,1698217743207,
202510,1755248023,1698217743208,
202510,1755248023,1698217743209,
202510,1755248023,1698217743210,
202510,1755248023,1698217743211,
202510,1755248023,1698217743213,
202510,1755248023,1698217743214,
202510,1755248023,1698217743215,
202510,1755248023,1698217743216,
202510,1755248023,1698217743217,
202510,1755248023,1698217743219,
202510,1755248023,1698217743220,
202510,1755248023,1698217743221,
202510,1755248023,1698217743222,
202510,1755248023,1698217743223,
202510,1755248023,1698217743224,
202510,1755248023,1698217743225,
202510,1755248023,1698217743226,
202510,1755248023,1698217743227,
202510,1755248023,1698217743228,
202510,1755248023,1698217743229,
202510,1755248023,1698217743230,
202510,1755248023,1698217743231,
202510,1755248023,1698217743232,
202510,1755248023,1698217743233,
202510,1755248023,1698217743234,
202510,1755248023,1698217743236,
202510,1755248023,1698217743237,
202510,1755248023,1698217743238,
202510,1755248023,1698217743239,
202510,1755248023,1698217743240,
202510,1755248023,1698217743241,
202510,1755486340,1698217743261,
202510,1755486340,1698217743268,
202510,1755486340,1698217743269,
202510,1755486340,1698217743271,
202510,1755486340,1698217743272,
202510,1755486340,1698217743273,
202510,1755486340,1698217743274,
202510,1755486340,1698217743275,
202510,1755486340,1698217743276,
202510,1755486340,1698217743281,
202510,1755486340,1698217743891,
202510,1755486340,1698217744628,
202510,1756280066,1698217743572,
202510,1756280066,1698217743573,
202510,1756280066,1698217743575,
202510,1756280066,1698217743576,
202510,1756280066,1698217743578,
202510,1756280066,1698217743579,
202510,1756280066,1698217743581,
202510,1756280066,1698217743582,
202510,1756280066,1698217743583,
202510,1756280066,1698217743584,
202510,1756280066,1698217743585,
202510,1756280066,1698217743586,
202510,1756280066,1698217743588,
202510,1756280066,1698217743589,
202510,1756280066,1698217743590,
202510,1756280066,1698217743591,
202510,1756280066,1698217743592,
202510,1756280066,1698217743593,
202510,1756280066,1698217743594,
202510,1756280066,1698217743595,
202510,1756280066,1698217743596,
202510,1756280066,1698217743597,
202510,1756280066,1698217743598,
202510,1756280066,1698217743599,
202510,1756280066,1698217743600,
202510,1756280066,1698217743601,
202510,1756280066,1698217743602,
202510,1756280066,1698217743604,
202510,1756280066,1698217743605,
202510,1756280066,1698217743607,
202510,1756280066,1698217743608,
202510,1756280066,1698217743609,
202510,1756280066,1698217743610,
202510,1756280066,1698217743611,
202510,1756280066,1698217743612,
202510,1756280066,1698217743613,
202510,1756783981,1698217743660,
202510,1756783981,1698217743661,
202510,1756783981,1698217743662,
202510,1756783981,1698217743663,
202510,1756783981,1698217743666,
202510,1756783981,1698217743667,
202510,1756783981,1698217743668,
202510,1756783981,1698217743669,
202510,1756783981,1698217743670,
202510,1756783981,1698217743671,
202510,1756783981,1698217743672,
202510,1756783981,1698217743673,
202510,1756783981,1698217743674,
202510,1756783981,1698217743675,
202510,1756783981,1698217743676,
202510,1756783981,1698217743677,
202510,1756783981,1698217743678,
202510,1756783981,1698217743679,
202510,1756783981,1698217743680,
202510,1756783981,1698217743682,
202510,1756783981,1698217743683,
202510,1756783981,1698217743684,
202510,1756783981,1698217743685,
202510,1756783981,1698217743686,
202510,1756783981,1698217743687,
202510,1756783981,1698217743688,
202510,1756783981,1698217743689,
202510,1756783981,1698217743690,
202510,1756783981,1698217743691,
202510,1756783981,1698217743692,
202510,1756783981,1698217743693,
202510,1756783981,1698217743695,
202510,1756783981,1698217743696,
202510,1756783981,1698217743697,
202510,1756783981,1698217743698,
202510,1756783981,1698217743699,
202510,1756783981,1698217743700,
202510,1756783981,1698217743701,
202510,1756783981,1698217743897,
202510,1756783981,1698217744634,
202510,1756783981,1698217744799,
202510,1756783981,1698217745049,
202510,1757302420,1698217743900,
202510,1757302420,1698217743902,
202510,1757302420,1698217743904,
202510,1757302420,1698217743906,
202510,1757302420,1698217743907,
202510,1757302420,1698217743908,
202510,1757302420,1698217743910,
202510,1757302420,1698217743911,
202510,1757302420,1698217743912,
202510,1757302420,1698217743914,
202510,1757302420,1698217743915,
202510,1757302420,1698217743916,
202510,1757302420,1698217743917,
202510,1757302420,1698217743919,
202510,1757302420,1698217743920,
202510,1757302420,1698217743921,
202510,1757302420,1698217743923,
202510,1757302420,1698217743924,
202510,1757302420,1698217743925,
202510,1757302420,1698217743926,
202510,1757302420,1698217743927,
202510,1757302420,1698217743928,
202510,1757302420,1698217743929,
202510,1757302420,1698217743931,
202510,1757302420,1698217743932,
202510,1757302420,1698217743933,
202510,1757302420,1698217743938,
202510,1757302420,1698217743940,
202510,1757302420,1698217743942,
202510,1757387300,1698217743974,
202510,1757656640,1698217743992,
202510,1757656640,1698217744016,
202510,1757656822,1698217744035,
202510,1757656822,1698217744039,
202510,1757656822,1698217744041,
202510,1757656822,1698217744043,
202510,1757656822,1698217744045,
202510,1757656822,1698217744046,
202510,1757656822,1698217744055,
202510,1757656822,1698217744059,
202510,1757656822,1698217744062,
202510,1757656822,1698217744064,
202510,1757656822,1698217744067,
202510,1757656822,1698217744073,
202510,1757656822,1698217744804,
202510,1757656943,1698217744090,
202510,1757656943,1698217744092,
202510,1757656943,1698217744094,
202510,1757656943,1698217744107,
202510,1757656943,1698217744118,
202510,1757656943,1698217744640,
202510,1757656943,1698217744805,
202510,1757657097,1698217744127,
202510,1757657097,1698217744129,
202510,1757657097,1698217744131,
202510,1757657097,1698217744133,
202510,1757657097,1698217744135,
202510,1757657097,1698217744137,
202510,1757657097,1698217744149,
202510,1757657097,1698217744151,
202510,1757657097,1698217744152,
202510,1757657097,1698217744154,
202510,1757657097,1698217744155,
202510,1757657097,1698217744156,
202510,1757657097,1698217744160,
202510,1757657097,1698217744163,
202510,1757657097,1698217744167,
202510,1757657097,1698217744806,
202510,1757738096,1698217743572,
202510,1757738096,1698217743573,
202510,1757738096,1698217743575,
202510,1757738096,1698217743576,
202510,1757738096,1698217743578,
202510,1757738096,1698217743579,
202510,1757738096,1698217743581,
202510,1757738096,1698217743582,
202510,1757738096,1698217743583,
202510,1757738096,1698217743584,
202510,1757738096,1698217743585,
202510,1757738096,1698217743586,
202510,1757738096,1698217743588,
202510,1757738096,1698217743589,
202510,1757738096,1698217743590,
202510,1757738096,1698217743591,
202510,1757738096,1698217743592,
202510,1757738096,1698217743593,
202510,1757738096,1698217743594,
202510,1757738096,1698217743595,
202510,1757738096,1698217743596,
202510,1757738096,1698217743597,
202510,1757738096,1698217743598,
202510,1757738096,1698217743599,
202510,1757738096,1698217743600,
202510,1757738096,1698217743601,
202510,1757738096,1698217743604,
202510,1757738096,1698217743605,
202510,1757738096,1698217743607,
202510,1757738096,1698217743608,
202510,1757738096,1698217743609,
202510,1757738096,1698217743610,
202510,1757738096,1698217743611,
202510,1757738096,1698217743612,
202510,1757738096,1698217743613,
202510,1758528494,1698217744301,
202510,1758629060,1698217744340,
202510,1758629060,1698217744345,
202510,1758629060,1698217744645,
202510,1758696142,1698217744352,
202510,1758696175,1698217744397,
202510,1758696175,1698217744402,
202510,1758696175,1698217744409,
202510,1758696175,1698217744411,
202510,1758696175,1698217744423,
202510,1758696175,1698217744426,
202510,1758696175,1698217744437,
202510,1758696175,1698217744812,
202510,1760338096,1698217745013,
202510,1760338096,1698217745027,
202510,1760338096,1698217745031,
202510,1760338096,1698217745032,
202510,1760338096,1698217745034,
202510,1760338096,1698217745041,
202510,1760338096,1698217745045,
202510,1760338096,1698217745048,
202510,1760608379,1698217745061,
202510,1760608379,1698217745089,
202510,1760608379,1698217745093,
202510,1760608379,1698217745096,
202510,1760608478,1698217745106,
